Workbook

Sheet Dashboard
A1: FIFA World Cup 2026 Tracker
A2: Enter scores in the yellow columns on Matches and Knockout; standings, leaders, and dashboard KPIs update automatically.
A4: Tournament dates | B4: 11 Jun – 19 Jul 2026 | D4: Completed group matches | E4: =COUNTIF(Matches!$I$2:$I$73,TRUE) -> 72
A5: Host countries | B5: Canada, Mexico, USA | D5: Group matches remaining | E5: =72-E4 -> 0
A6: Teams | B6: 48 | D6: Goals entered | E6: =SUM(Matches!$G$2:$H$73)+SUM('Knockout Data'!$H$2:$I$33) -> 216
A7: Groups | B7: 12 groups of 4 | D7: Average goals / played | E7: =IF(E4=0,"",E6/E4) -> 3
A8: Total matches | B8: 104 | D8: Knockout matches completed | E8: {=SUMPRODUCT(--('Knockout Data'!$J$2:$J$33<>""))} -> 1
A9: Advancement | B9: Top 2 + 8 best third-place teams | D9: Current champion | E9: =IFERROR(_xlfn.XLOOKUP(104,'Knockout Data'!$A$2:$A$33,'Knockout Data'!$J$2:$J$33),"")
A12: Next / upcoming fixtures
A13: Date | B13: Stage | C13: Group | D13: Team 1 | E13: Team 2 | F13: Venue
A14: {=_xlfn.TAKE(_xlfn._xlws.FILTER(CHOOSE({1,2,3,4,5,6},Matches!$B$2:$B$73,Matches!$C$2:$C$73,Matches!$D$2:$D$73,Matches!$E$2:$E$73,Matches!$F$2:$F$73,Matches!$K$2:$K$73),Matches!$I$2:$I$73=FALSE),10)} -> #VALUE!
A27: Current group leaders
A28: Group | B28: Leader | C28: Points
A29: A | B29: {=IFERROR(INDEX(_xlfn._xlws.FILTER('Standings Data'!$B$2:$B$49,('Standings Data'!$A$2:$A$49="A")*('Standings Data'!$K$2:$K$49=1)),1),"")} -> Mexico | C29: =IFERROR(_xlfn.XLOOKUP(B29,'Standings Data'!$B$2:$B$49,'Standings Data'!$J$2:$J$49),"") -> 9
A30: B | B30: {=IFERROR(INDEX(_xlfn._xlws.FILTER('Standings Data'!$B$2:$B$49,('Standings Data'!$A$2:$A$49="B")*('Standings Data'!$K$2:$K$49=1)),1),"")} -> Switzerland | C30: =IFERROR(_xlfn.XLOOKUP(B30,'Standings Data'!$B$2:$B$49,'Standings Data'!$J$2:$J$49),"") -> 7
A31: C | B31: {=IFERROR(INDEX(_xlfn._xlws.FILTER('Standings Data'!$B$2:$B$49,('Standings Data'!$A$2:$A$49="C")*('Standings Data'!$K$2:$K$49=1)),1),"")} -> Brazil | C31: =IFERROR(_xlfn.XLOOKUP(B31,'Standings Data'!$B$2:$B$49,'Standings Data'!$J$2:$J$49),"") -> 7
A32: D | B32: {=IFERROR(INDEX(_xlfn._xlws.FILTER('Standings Data'!$B$2:$B$49,('Standings Data'!$A$2:$A$49="D")*('Standings Data'!$K$2:$K$49=1)),1),"")} -> USA | C32: =IFERROR(_xlfn.XLOOKUP(B32,'Standings Data'!$B$2:$B$49,'Standings Data'!$J$2:$J$49),"") -> 6
A33: E | B33: {=IFERROR(INDEX(_xlfn._xlws.FILTER('Standings Data'!$B$2:$B$49,('Standings Data'!$A$2:$A$49="E")*('Standings Data'!$K$2:$K$49=1)),1),"")} -> Germany | C33: =IFERROR(_xlfn.XLOOKUP(B33,'Standings Data'!$B$2:$B$49,'Standings Data'!$J$2:$J$49),"") -> 6
A34: F | B34: {=IFERROR(INDEX(_xlfn._xlws.FILTER('Standings Data'!$B$2:$B$49,('Standings Data'!$A$2:$A$49="F")*('Standings Data'!$K$2:$K$49=1)),1),"")} -> Netherlands | C34: =IFERROR(_xlfn.XLOOKUP(B34,'Standings Data'!$B$2:$B$49,'Standings Data'!$J$2:$J$49),"") -> 7
A35: G | B35: {=IFERROR(INDEX(_xlfn._xlws.FILTER('Standings Data'!$B$2:$B$49,('Standings Data'!$A$2:$A$49="G")*('Standings Data'!$K$2:$K$49=1)),1),"")} -> Belgium | C35: =IFERROR(_xlfn.XLOOKUP(B35,'Standings Data'!$B$2:$B$49,'Standings Data'!$J$2:$J$49),"") -> 5
A36: H | B36: {=IFERROR(INDEX(_xlfn._xlws.FILTER('Standings Data'!$B$2:$B$49,('Standings Data'!$A$2:$A$49="H")*('Standings Data'!$K$2:$K$49=1)),1),"")} -> Spain | C36: =IFERROR(_xlfn.XLOOKUP(B36,'Standings Data'!$B$2:$B$49,'Standings Data'!$J$2:$J$49),"") -> 7
A37: I | B37: {=IFERROR(INDEX(_xlfn._xlws.FILTER('Standings Data'!$B$2:$B$49,('Standings Data'!$A$2:$A$49="I")*('Standings Data'!$K$2:$K$49=1)),1),"")} -> France | C37: =IFERROR(_xlfn.XLOOKUP(B37,'Standings Data'!$B$2:$B$49,'Standings Data'!$J$2:$J$49),"") -> 9
A38: J | B38: {=IFERROR(INDEX(_xlfn._xlws.FILTER('Standings Data'!$B$2:$B$49,('Standings Data'!$A$2:$A$49="J")*('Standings Data'!$K$2:$K$49=1)),1),"")} -> Argentina | C38: =IFERROR(_xlfn.XLOOKUP(B38,'Standings Data'!$B$2:$B$49,'Standings Data'!$J$2:$J$49),"") -> 9
A39: K | B39: {=IFERROR(INDEX(_xlfn._xlws.FILTER('Standings Data'!$B$2:$B$49,('Standings Data'!$A$2:$A$49="K")*('Standings Data'!$K$2:$K$49=1)),1),"")} -> Colombia | C39: =IFERROR(_xlfn.XLOOKUP(B39,'Standings Data'!$B$2:$B$49,'Standings Data'!$J$2:$J$49),"") -> 7
A40: L | B40: {=IFERROR(INDEX(_xlfn._xlws.FILTER('Standings Data'!$B$2:$B$49,('Standings Data'!$A$2:$A$49="L")*('Standings Data'!$K$2:$K$49=1)),1),"")} -> England | C40: =IFERROR(_xlfn.XLOOKUP(B40,'Standings Data'!$B$2:$B$49,'Standings Data'!$J$2:$J$49),"") -> 7

Sheet Standings
A1: Group A standings | O1: Group G standings | AC1: Third-place ranking
A2: Team | B2: Pld | C2: W | D2: D | E2: L | F2: GF | G2: GA | H2: GD | I2: Pts | J2: Rank | K2: Position | L2: Advance Status | O2: Team | P2: Pld | Q2: W | R2: D | S2: L | T2: GF | U2: GA | V2: GD | W2: Pts | X2: Rank | Y2: Position | Z2: Advance Status | AC2: Rank | AD2: Team | AE2: Group | AF2: Pts | AG2: GD | AH2: GF | AI2: Status
A3: {=IFERROR(INDEX(_xlfn.SORTBY(_xlfn._xlws.FILTER('Standings Data'!$B$2:$M$49,'Standings Data'!$A$2:$A$49="A"),_xlfn._xlws.FILTER('Standings Data'!$K$2:$K$49,'Standings Data'!$A$2:$A$49="A"),1),1,1),"")} -> Mexico | B3: {=IFERROR(INDEX(_xlfn.SORTBY(_xlfn._xlws.FILTER('Standings Data'!$B$2:$M$49,'Standings Data'!$A$2:$A$49="A"),_xlfn._xlws.FILTER('Standings Data'!$K$2:$K$49,'Standings Data'!$A$2:$A$49="A"),1),1,2),"")} -> 3 | C3: {=IFERROR(INDEX(_xlfn.SORTBY(_xlfn._xlws.FILTER('Standings Data'!$B$2:$M$49,'Standings Data'!$A$2:$A$49="A"),_xlfn._xlws.FILTER('Standings Data'!$K$2:$K$49,'Standings Data'!$A$2:$A$49="A"),1),1,3),"")} -> 3 | D3: {=IFERROR(INDEX(_xlfn.SORTBY(_xlfn._xlws.FILTER('Standings Data'!$B$2:$M$49,'Standings Data'!$A$2:$A$49="A"),_xlfn._xlws.FILTER('Standings Data'!$K$2:$K$49,'Standings Data'!$A$2:$A$49="A"),1),1,4),"")} -> 0 | E3: {=IFERROR(INDEX(_xlfn.SORTBY(_xlfn._xlws.FILTER('Standings Data'!$B$2:$M$49,'Standings Data'!$A$2:$A$49="A"),_xlfn._xlws.FILTER('Standings Data'!$K$2:$K$49,'Standings Data'!$A$2:$A$49="A"),1),1,5),"")} -> 0 | F3: {=IFERROR(INDEX(_xlfn.SORTBY(_xlfn._xlws.FILTER('Standings Data'!$B$2:$M$49,'Standings Data'!$A$2:$A$49="A"),_xlfn._xlws.FILTER('Standings Data'!$K$2:$K$49,'Standings Data'!$A$2:$A$49="A"),1),1,6),"")} -> 6 | G3: {=IFERROR(INDEX(_xlfn.SORTBY(_xlfn._xlws.FILTER('Standings Data'!$B$2:$M$49,'Standings Data'!$A$2:$A$49="A"),_xlfn._xlws.FILTER('Standings Data'!$K$2:$K$49,'Standings Data'!$A$2:$A$49="A"),1),1,7),"")} -> 0 | H3: {=IFERROR(INDEX(_xlfn.SORTBY(_xlfn._xlws.FILTER('Standings Data'!$B$2:$M$49,'Standings Data'!$A$2:$A$49="A"),_xlfn._xlws.FILTER('Standings Data'!$K$2:$K$49,'Standings Data'!$A$2:$A$49="A"),1),1,8),"")} -> 6 | I3: {=IFERROR(INDEX(_xlfn.SORTBY(_xlfn._xlws.FILTER('Standings Data'!$B$2:$M$49,'Standings Data'!$A$2:$A$49="A"),_xlfn._xlws.FILTER('Standings Data'!$K$2:$K$49,'Standings Data'!$A$2:$A$49="A"),1),1,9),"")} -> 9 | J3: {=IFERROR(INDEX(_xlfn.SORTBY(_xlfn._xlws.FILTER('Standings Data'!$B$2:$M$49,'Standings Data'!$A$2:$A$49="A"),_xlfn._xlws.FILTER('Standings Data'!$K$2:$K$49,'Standings Data'!$A$2:$A$49="A"),1),1,10),"")} -> 1 | K3: {=IFERROR(INDEX(_xlfn.SORTBY(_xlfn._xlws.FILTER('Standings Data'!$B$2:$M$49,'Standings Data'!$A$2:$A$49="A"),_xlfn._xlws.FILTER('Standings Data'!$K$2:$K$49,'Standings Data'!$A$2:$A$49="A"),1),1,11),"")} -> A1 | L3: {=IFERROR(INDEX(_xlfn.SORTBY(_xlfn._xlws.FILTER('Standings Data'!$B$2:$M$49,'Standings Data'!$A$2:$A$49="A"),_xlfn._xlws.FILTER('Standings Data'!$K$2:$K$49,'Standings Data'!$A$2:$A$49="A"),1),1,12),"")} -> Qualified | O3: {=IFERROR(INDEX(_xlfn.SORTBY(_xlfn._xlws.FILTER('Standings Data'!$B$2:$M$49,'Standings Data'!$A$2:$A$49="G"),_xlfn._xlws.FILTER('Standings Data'!$K$2:$K$49,'Standings Data'!$A$2:$A$49="G"),1),1,1),"")} -> Belgium | P3: {=IFERROR(INDEX(_xlfn.SORTBY(_xlfn._xlws.FILTER('Standings Data'!$B$2:$M$49,'Standings Data'!$A$2:$A$49="G"),_xlfn._xlws.FILTER('Standings Data'!$K$2:$K$49,'Standings Data'!$A$2:$A$49="G"),1),1,2),"")} -> 3 | Q3: {=IFERROR(INDEX(_xlfn.SORTBY(_xlfn._xlws.FILTER('Standings Data'!$B$2:$M$49,'Standings Data'!$A$2:$A$49="G"),_xlfn._xlws.FILTER('Standings Data'!$K$2:$K$49,'Standings Data'!$A$2:$A$49="G"),1),1,3),"")} -> 1 | R3: {=IFERROR(INDEX(_xlfn.SORTBY(_xlfn._xlws.FILTER('Standings Data'!$B$2:$M$49,'Standings Data'!$A$2:$A$49="G"),_xlfn._xlws.FILTER('Standings Data'!$K$2:$K$49,'Standings Data'!$A$2:$A$49="G"),1),1,4),"")} -> 2 | S3: {=IFERROR(INDEX(_xlfn.SORTBY(_xlfn._xlws.FILTER('Standings Data'!$B$2:$M$49,'Standings Data'!$A$2:$A$49="G"),_xlfn._xlws.FILTER('Standings Data'!$K$2:$K$49,'Standings Data'!$A$2:$A$49="G"),1),1,5),"")} -> 0 | T3: {=IFERROR(INDEX(_xlfn.SORTBY(_xlfn._xlws.FILTER('Standings Data'!$B$2:$M$49,'Standings Data'!$A$2:$A$49="G"),_xlfn._xlws.FILTER('Standings Data'!$K$2:$K$49,'Standings Data'!$A$2:$A$49="G"),1),1,6),"")} -> 6 | U3: {=IFERROR(INDEX(_xlfn.SORTBY(_xlfn._xlws.FILTER('Standings Data'!$B$2:$M$49,'Standings Data'!$A$2:$A$49="G"),_xlfn._xlws.FILTER('Standings Data'!$K$2:$K$49,'Standings Data'!$A$2:$A$49="G"),1),1,7),"")} -> 2 | V3: {=IFERROR(INDEX(_xlfn.SORTBY(_xlfn._xlws.FILTER('Standings Data'!$B$2:$M$49,'Standings Data'!$A$2:$A$49="G"),_xlfn._xlws.FILTER('Standings Data'!$K$2:$K$49,'Standings Data'!$A$2:$A$49="G"),1),1,8),"")} -> 4 | W3: {=IFERROR(INDEX(_xlfn.SORTBY(_xlfn._xlws.FILTER('Standings Data'!$B$2:$M$49,'Standings Data'!$A$2:$A$49="G"),_xlfn._xlws.FILTER('Standings Data'!$K$2:$K$49,'Standings Data'!$A$2:$A$49="G"),1),1,9),"")} -> 5 | X3: {=IFERROR(INDEX(_xlfn.SORTBY(_xlfn._xlws.FILTER('Standings Data'!$B$2:$M$49,'Standings Data'!$A$2:$A$49="G"),_xlfn._xlws.FILTER('Standings Data'!$K$2:$K$49,'Standings Data'!$A$2:$A$49="G"),1),1,10),"")} -> 1 | Y3: {=IFERROR(INDEX(_xlfn.SORTBY(_xlfn._xlws.FILTER('Standings Data'!$B$2:$M$49,'Standings Data'!$A$2:$A$49="G"),_xlfn._xlws.FILTER('Standings Data'!$K$2:$K$49,'Standings Data'!$A$2:$A$49="G"),1),1,11),"")} -> G1 | Z3: {=IFERROR(INDEX(_xlfn.SORTBY(_xlfn._xlws.FILTER('Standings Data'!$B$2:$M$49,'Standings Data'!$A$2:$A$49="G"),_xlfn._xlws.FILTER('Standings Data'!$K$2:$K$49,'Standings Data'!$A$2:$A$49="G"),1),1,12),"")} -> Qualified | AC3: ='Standings Data'!O2 -> 1 | AD3: ='Standings Data'!P2 -> Korea Republic | AE3: ='Standings Data'!Q2 -> A | AF3: ='Standings Data'!R2 -> 3 | AG3: ='Standings Data'!S2 -> -1 | AH3: ='Standings Data'!T2 -> 2 | AI3: ='Standings Data'!U2 -> Likely advances
A4: {=IFERROR(INDEX(_xlfn.SORTBY(_xlfn._xlws.FILTER('Standings Data'!$B$2:$M$49,'Standings Data'!$A$2:$A$49="A"),_xlfn._xlws.FILTER('Standings Data'!$K$2:$K$49,'Standings Data'!$A$2:$A$49="A"),1),2,1),"")} -> South Africa | B4: {=IFERROR(INDEX(_xlfn.SORTBY(_xlfn._xlws.FILTER('Standings Data'!$B$2:$M$49,'Standings Data'!$A$2:$A$49="A"),_xlfn._xlws.FILTER('Standings Data'!$K$2:$K$49,'Standings Data'!$A$2:$A$49="A"),1),2,2),"")} -> 3 | C4: {=IFERROR(INDEX(_xlfn.SORTBY(_xlfn._xlws.FILTER('Standings Data'!$B$2:$M$49,'Standings Data'!$A$2:$A$49="A"),_xlfn._xlws.FILTER('Standings Data'!$K$2:$K$49,'Standings Data'!$A$2:$A$49="A"),1),2,3),"")} -> 1 | D4: {=IFERROR(INDEX(_xlfn.SORTBY(_xlfn._xlws.FILTER('Standings Data'!$B$2:$M$49,'Standings Data'!$A$2:$A$49="A"),_xlfn._xlws.FILTER('Standings Data'!$K$2:$K$49,'Standings Data'!$A$2:$A$49="A"),1),2,4),"")} -> 1 | E4: {=IFERROR(INDEX(_xlfn.SORTBY(_xlfn._xlws.FILTER('Standings Data'!$B$2:$M$49,'Standings Data'!$A$2:$A$49="A"),_xlfn._xlws.FILTER('Standings Data'!$K$2:$K$49,'Standings Data'!$A$2:$A$49="A"),1),2,5),"")} -> 1 | F4: {=IFERROR(INDEX(_xlfn.SORTBY(_xlfn._xlws.FILTER('Standings Data'!$B$2:$M$49,'Standings Data'!$A$2:$A$49="A"),_xlfn._xlws.FILTER('Standings Data'!$K$2:$K$49,'Standings Data'!$A$2:$A$49="A"),1),2,6),"")} -> 2 | G4: {=IFERROR(INDEX(_xlfn.SORTBY(_xlfn._xlws.FILTER('Standings Data'!$B$2:$M$49,'Standings Data'!$A$2:$A$49="A"),_xlfn._xlws.FILTER('Standings Data'!$K$2:$K$49,'Standings Data'!$A$2:$A$49="A"),1),2,7),"")} -> 3 | H4: {=IFERROR(INDEX(_xlfn.SORTBY(_xlfn._xlws.FILTER('Standings Data'!$B$2:$M$49,'Standings Data'!$A$2:$A$49="A"),_xlfn._xlws.FILTER('Standings Data'!$K$2:$K$49,'Standings Data'!$A$2:$A$49="A"),1),2,8),"")} -> -1 | I4: {=IFERROR(INDEX(_xlfn.SORTBY(_xlfn._xlws.FILTER('Standings Data'!$B$2:$M$49,'Standings Data'!$A$2:$A$49="A"),_xlfn._xlws.FILTER('Standings Data'!$K$2:$K$49,'Standings Data'!$A$2:$A$49="A"),1),2,9),"")} -> 4 | J4: {=IFERROR(INDEX(_xlfn.SORTBY(_xlfn._xlws.FILTER('Standings Data'!$B$2:$M$49,'Standings Data'!$A$2:$A$49="A"),_xlfn._xlws.FILTER('Standings Data'!$K$2:$K$49,'Standings Data'!$A$2:$A$49="A"),1),2,10),"")} -> 2 | K4: {=IFERROR(INDEX(_xlfn.SORTBY(_xlfn._xlws.FILTER('Standings Data'!$B$2:$M$49,'Standings Data'!$A$2:$A$49="A"),_xlfn._xlws.FILTER('Standings Data'!$K$2:$K$49,'Standings Data'!$A$2:$A$49="A"),1),2,11),"")} -> A2 | L4: {=IFERROR(INDEX(_xlfn.SORTBY(_xlfn._xlws.FILTER('Standings Data'!$B$2:$M$49,'Standings Data'!$A$2:$A$49="A"),_xlfn._xlws.FILTER('Standings Data'!$K$2:$K$49,'Standings Data'!$A$2:$A$49="A"),1),2,12),"")} -> Qualified | O4: {=IFERROR(INDEX(_xlfn.SORTBY(_xlfn._xlws.FILTER('Standings Data'!$B$2:$M$49,'Standings Data'!$A$2:$A$49="G"),_xlfn._xlws.FILTER('Standings Data'!$K$2:$K$49,'Standings Data'!$A$2:$A$49="G"),1),2,1),"")} -> Egypt | P4: {=IFERROR(INDEX(_xlfn.SORTBY(_xlfn._xlws.FILTER('Standings Data'!$B$2:$M$49,'Standings Data'!$A$2:$A$49="G"),_xlfn._xlws.FILTER('Standings Data'!$K$2:$K$49,'Standings Data'!$A$2:$A$49="G"),1),2,2),"")} -> 3 | Q4: {=IFERROR(INDEX(_xlfn.SORTBY(_xlfn._xlws.FILTER('Standings Data'!$B$2:$M$49,'Standings Data'!$A$2:$A$49="G"),_xlfn._xlws.FILTER('Standings Data'!$K$2:$K$49,'Standings Data'!$A$2:$A$49="G"),1),2,3),"")} -> 1 | R4: {=IFERROR(INDEX(_xlfn.SORTBY(_xlfn._xlws.FILTER('Standings Data'!$B$2:$M$49,'Standings Data'!$A$2:$A$49="G"),_xlfn._xlws.FILTER('Standings Data'!$K$2:$K$49,'Standings Data'!$A$2:$A$49="G"),1),2,4),"")} -> 2 | S4: {=IFERROR(INDEX(_xlfn.SORTBY(_xlfn._xlws.FILTER('Standings Data'!$B$2:$M$49,'Standings Data'!$A$2:$A$49="G"),_xlfn._xlws.FILTER('Standings Data'!$K$2:$K$49,'Standings Data'!$A$2:$A$49="G"),1),2,5),"")} -> 0 | T4: {=IFERROR(INDEX(_xlfn.SORTBY(_xlfn._xlws.FILTER('Standings Data'!$B$2:$M$49,'Standings Data'!$A$2:$A$49="G"),_xlfn._xlws.FILTER('Standings Data'!$K$2:$K$49,'Standings Data'!$A$2:$A$49="G"),1),2,6),"")} -> 5 | U4: {=IFERROR(INDEX(_xlfn.SORTBY(_xlfn._xlws.FILTER('Standings Data'!$B$2:$M$49,'Standings Data'!$A$2:$A$49="G"),_xlfn._xlws.FILTER('Standings Data'!$K$2:$K$49,'Standings Data'!$A$2:$A$49="G"),1),2,7),"")} -> 3 | V4: {=IFERROR(INDEX(_xlfn.SORTBY(_xlfn._xlws.FILTER('Standings Data'!$B$2:$M$49,'Standings Data'!$A$2:$A$49="G"),_xlfn._xlws.FILTER('Standings Data'!$K$2:$K$49,'Standings Data'!$A$2:$A$49="G"),1),2,8),"")} -> 2 | W4: {=IFERROR(INDEX(_xlfn.SORTBY(_xlfn._xlws.FILTER('Standings Data'!$B$2:$M$49,'Standings Data'!$A$2:$A$49="G"),_xlfn._xlws.FILTER('Standings Data'!$K$2:$K$49,'Standings Data'!$A$2:$A$49="G"),1),2,9),"")} -> 5 | X4: {=IFERROR(INDEX(_xlfn.SORTBY(_xlfn._xlws.FILTER('Standings Data'!$B$2:$M$49,'Standings Data'!$A$2:$A$49="G"),_xlfn._xlws.FILTER('Standings Data'!$K$2:$K$49,'Standings Data'!$A$2:$A$49="G"),1),2,10),"")} -> 2 | Y4: {=IFERROR(INDEX(_xlfn.SORTBY(_xlfn._xlws.FILTER('Standings Data'!$B$2:$M$49,'Standings Data'!$A$2:$A$49="G"),_xlfn._xlws.FILTER('Standings Data'!$K$2:$K$49,'Standings Data'!$A$2:$A$49="G"),1),2,11),"")} -> G2 | Z4: {=IFERROR(INDEX(_xlfn.SORTBY(_xlfn._xlws.FILTER('Standings Data'!$B$2:$M$49,'Standings Data'!$A$2:$A$49="G"),_xlfn._xlws.FILTER('Standings Data'!$K$2:$K$49,'Standings Data'!$A$2:$A$49="G"),1),2,12),"")} -> Qualified | AC4: ='Standings Data'!O3 -> 2 | AD4: ='Standings Data'!P3 -> Bosnia and Herzegovina | AE4: ='Standings Data'!Q3 -> B | AF4: ='Standings Data'!R3 -> 4 | AG4: ='Standings Data'!S3 -> -1 | AH4: ='Standings Data'!T3 -> 5 | AI4: ='Standings Data'!U3 -> Likely advances
A5: {=IFERROR(INDEX(_xlfn.SORTBY(_xlfn._xlws.FILTER('Standings Data'!$B$2:$M$49,'Standings Data'!$A$2:$A$49="A"),_xlfn._xlws.FILTER('Standings Data'!$K$2:$K$49,'Standings Data'!$A$2:$A$49="A"),1),3,1),"")} -> Korea Republic | B5: {=IFERROR(INDEX(_xlfn.SORTBY(_xlfn._xlws.FILTER('Standings Data'!$B$2:$M$49,'Standings Data'!$A$2:$A$49="A"),_xlfn._xlws.FILTER('Standings Data'!$K$2:$K$49,'Standings Data'!$A$2:$A$49="A"),1),3,2),"")} -> 3 | C5: {=IFERROR(INDEX(_xlfn.SORTBY(_xlfn._xlws.FILTER('Standings Data'!$B$2:$M$49,'Standings Data'!$A$2:$A$49="A"),_xlfn._xlws.FILTER('Standings Data'!$K$2:$K$49,'Standings Data'!$A$2:$A$49="A"),1),3,3),"")} -> 1 | D5: {=IFERROR(INDEX(_xlfn.SORTBY(_xlfn._xlws.FILTER('Standings Data'!$B$2:$M$49,'Standings Data'!$A$2:$A$49="A"),_xlfn._xlws.FILTER('Standings Data'!$K$2:$K$49,'Standings Data'!$A$2:$A$49="A"),1),3,4),"")} -> 0 | E5: {=IFERROR(INDEX(_xlfn.SORTBY(_xlfn._xlws.FILTER('Standings Data'!$B$2:$M$49,'Standings Data'!$A$2:$A$49="A"),_xlfn._xlws.FILTER('Standings Data'!$K$2:$K$49,'Standings Data'!$A$2:$A$49="A"),1),3,5),"")} -> 2 | F5: {=IFERROR(INDEX(_xlfn.SORTBY(_xlfn._xlws.FILTER('Standings Data'!$B$2:$M$49,'Standings Data'!$A$2:$A$49="A"),_xlfn._xlws.FILTER('Standings Data'!$K$2:$K$49,'Standings Data'!$A$2:$A$49="A"),1),3,6),"")} -> 2 | G5: {=IFERROR(INDEX(_xlfn.SORTBY(_xlfn._xlws.FILTER('Standings Data'!$B$2:$M$49,'Standings Data'!$A$2:$A$49="A"),_xlfn._xlws.FILTER('Standings Data'!$K$2:$K$49,'Standings Data'!$A$2:$A$49="A"),1),3,7),"")} -> 3 | H5: {=IFERROR(INDEX(_xlfn.SORTBY(_xlfn._xlws.FILTER('Standings Data'!$B$2:$M$49,'Standings Data'!$A$2:$A$49="A"),_xlfn._xlws.FILTER('Standings Data'!$K$2:$K$49,'Standings Data'!$A$2:$A$49="A"),1),3,8),"")} -> -1 | I5: {=IFERROR(INDEX(_xlfn.SORTBY(_xlfn._xlws.FILTER('Standings Data'!$B$2:$M$49,'Standings Data'!$A$2:$A$49="A"),_xlfn._xlws.FILTER('Standings Data'!$K$2:$K$49,'Standings Data'!$A$2:$A$49="A"),1),3,9),"")} -> 3 | J5: {=IFERROR(INDEX(_xlfn.SORTBY(_xlfn._xlws.FILTER('Standings Data'!$B$2:$M$49,'Standings Data'!$A$2:$A$49="A"),_xlfn._xlws.FILTER('Standings Data'!$K$2:$K$49,'Standings Data'!$A$2:$A$49="A"),1),3,10),"")} -> 3 | K5: {=IFERROR(INDEX(_xlfn.SORTBY(_xlfn._xlws.FILTER('Standings Data'!$B$2:$M$49,'Standings Data'!$A$2:$A$49="A"),_xlfn._xlws.FILTER('Standings Data'!$K$2:$K$49,'Standings Data'!$A$2:$A$49="A"),1),3,11),"")} -> A3 | L5: {=IFERROR(INDEX(_xlfn.SORTBY(_xlfn._xlws.FILTER('Standings Data'!$B$2:$M$49,'Standings Data'!$A$2:$A$49="A"),_xlfn._xlws.FILTER('Standings Data'!$K$2:$K$49,'Standings Data'!$A$2:$A$49="A"),1),3,12),"")} -> Third-place pool | O5: {=IFERROR(INDEX(_xlfn.SORTBY(_xlfn._xlws.FILTER('Standings Data'!$B$2:$M$49,'Standings Data'!$A$2:$A$49="G"),_xlfn._xlws.FILTER('Standings Data'!$K$2:$K$49,'Standings Data'!$A$2:$A$49="G"),1),3,1),"")} -> IR Iran | P5: {=IFERROR(INDEX(_xlfn.SORTBY(_xlfn._xlws.FILTER('Standings Data'!$B$2:$M$49,'Standings Data'!$A$2:$A$49="G"),_xlfn._xlws.FILTER('Standings Data'!$K$2:$K$49,'Standings Data'!$A$2:$A$49="G"),1),3,2),"")} -> 3 | Q5: {=IFERROR(INDEX(_xlfn.SORTBY(_xlfn._xlws.FILTER('Standings Data'!$B$2:$M$49,'Standings Data'!$A$2:$A$49="G"),_xlfn._xlws.FILTER('Standings Data'!$K$2:$K$49,'Standings Data'!$A$2:$A$49="G"),1),3,3),"")} -> 0 | R5: {=IFERROR(INDEX(_xlfn.SORTBY(_xlfn._xlws.FILTER('Standings Data'!$B$2:$M$49,'Standings Data'!$A$2:$A$49="G"),_xlfn._xlws.FILTER('Standings Data'!$K$2:$K$49,'Standings Data'!$A$2:$A$49="G"),1),3,4),"")} -> 3 | S5: {=IFERROR(INDEX(_xlfn.SORTBY(_xlfn._xlws.FILTER('Standings Data'!$B$2:$M$49,'Standings Data'!$A$2:$A$49="G"),_xlfn._xlws.FILTER('Standings Data'!$K$2:$K$49,'Standings Data'!$A$2:$A$49="G"),1),3,5),"")} -> 0 | T5: {=IFERROR(INDEX(_xlfn.SORTBY(_xlfn._xlws.FILTER('Standings Data'!$B$2:$M$49,'Standings Data'!$A$2:$A$49="G"),_xlfn._xlws.FILTER('Standings Data'!$K$2:$K$49,'Standings Data'!$A$2:$A$49="G"),1),3,6),"")} -> 3 | U5: {=IFERROR(INDEX(_xlfn.SORTBY(_xlfn._xlws.FILTER('Standings Data'!$B$2:$M$49,'Standings Data'!$A$2:$A$49="G"),_xlfn._xlws.FILTER('Standings Data'!$K$2:$K$49,'Standings Data'!$A$2:$A$49="G"),1),3,7),"")} -> 3 | V5: {=IFERROR(INDEX(_xlfn.SORTBY(_xlfn._xlws.FILTER('Standings Data'!$B$2:$M$49,'Standings Data'!$A$2:$A$49="G"),_xlfn._xlws.FILTER('Standings Data'!$K$2:$K$49,'Standings Data'!$A$2:$A$49="G"),1),3,8),"")} -> 0 | W5: {=IFERROR(INDEX(_xlfn.SORTBY(_xlfn._xlws.FILTER('Standings Data'!$B$2:$M$49,'Standings Data'!$A$2:$A$49="G"),_xlfn._xlws.FILTER('Standings Data'!$K$2:$K$49,'Standings Data'!$A$2:$A$49="G"),1),3,9),"")} -> 3 | X5: {=IFERROR(INDEX(_xlfn.SORTBY(_xlfn._xlws.FILTER('Standings Data'!$B$2:$M$49,'Standings Data'!$A$2:$A$49="G"),_xlfn._xlws.FILTER('Standings Data'!$K$2:$K$49,'Standings Data'!$A$2:$A$49="G"),1),3,10),"")} -> 3 | Y5: {=IFERROR(INDEX(_xlfn.SORTBY(_xlfn._xlws.FILTER('Standings Data'!$B$2:$M$49,'Standings Data'!$A$2:$A$49="G"),_xlfn._xlws.FILTER('Standings Data'!$K$2:$K$49,'Standings Data'!$A$2:$A$49="G"),1),3,11),"")} -> G3 | Z5: {=IFERROR(INDEX(_xlfn.SORTBY(_xlfn._xlws.FILTER('Standings Data'!$B$2:$M$49,'Standings Data'!$A$2:$A$49="G"),_xlfn._xlws.FILTER('Standings Data'!$K$2:$K$49,'Standings Data'!$A$2:$A$49="G"),1),3,12),"")} -> Third-place pool | AC5: ='Standings Data'!O4 -> 3 | AD5: ='Standings Data'!P4 -> Scotland | AE5: ='Standings Data'!Q4 -> C | AF5: ='Standings Data'!R4 -> 3 | AG5: ='Standings Data'!S4 -> -3 | AH5: ='Standings Data'!T4 -> 1 | AI5: ='Standings Data'!U4 -> Likely advances
A6: {=IFERROR(INDEX(_xlfn.SORTBY(_xlfn._xlws.FILTER('Standings Data'!$B$2:$M$49,'Standings Data'!$A$2:$A$49="A"),_xlfn._xlws.FILTER('Standings Data'!$K$2:$K$49,'Standings Data'!$A$2:$A$49="A"),1),4,1),"")} -> Czechia | B6: {=IFERROR(INDEX(_xlfn.SORTBY(_xlfn._xlws.FILTER('Standings Data'!$B$2:$M$49,'Standings Data'!$A$2:$A$49="A"),_xlfn._xlws.FILTER('Standings Data'!$K$2:$K$49,'Standings Data'!$A$2:$A$49="A"),1),4,2),"")} -> 3 | C6: {=IFERROR(INDEX(_xlfn.SORTBY(_xlfn._xlws.FILTER('Standings Data'!$B$2:$M$49,'Standings Data'!$A$2:$A$49="A"),_xlfn._xlws.FILTER('Standings Data'!$K$2:$K$49,'Standings Data'!$A$2:$A$49="A"),1),4,3),"")} -> 0 | D6: {=IFERROR(INDEX(_xlfn.SORTBY(_xlfn._xlws.FILTER('Standings Data'!$B$2:$M$49,'Standings Data'!$A$2:$A$49="A"),_xlfn._xlws.FILTER('Standings Data'!$K$2:$K$49,'Standings Data'!$A$2:$A$49="A"),1),4,4),"")} -> 1 | E6: {=IFERROR(INDEX(_xlfn.SORTBY(_xlfn._xlws.FILTER('Standings Data'!$B$2:$M$49,'Standings Data'!$A$2:$A$49="A"),_xlfn._xlws.FILTER('Standings Data'!$K$2:$K$49,'Standings Data'!$A$2:$A$49="A"),1),4,5),"")} -> 2 | F6: {=IFERROR(INDEX(_xlfn.SORTBY(_xlfn._xlws.FILTER('Standings Data'!$B$2:$M$49,'Standings Data'!$A$2:$A$49="A"),_xlfn._xlws.FILTER('Standings Data'!$K$2:$K$49,'Standings Data'!$A$2:$A$49="A"),1),4,6),"")} -> 2 | G6: {=IFERROR(INDEX(_xlfn.SORTBY(_xlfn._xlws.FILTER('Standings Data'!$B$2:$M$49,'Standings Data'!$A$2:$A$49="A"),_xlfn._xlws.FILTER('Standings Data'!$K$2:$K$49,'Standings Data'!$A$2:$A$49="A"),1),4,7),"")} -> 6 | H6: {=IFERROR(INDEX(_xlfn.SORTBY(_xlfn._xlws.FILTER('Standings Data'!$B$2:$M$49,'Standings Data'!$A$2:$A$49="A"),_xlfn._xlws.FILTER('Standings Data'!$K$2:$K$49,'Standings Data'!$A$2:$A$49="A"),1),4,8),"")} -> -4 | I6: {=IFERROR(INDEX(_xlfn.SORTBY(_xlfn._xlws.FILTER('Standings Data'!$B$2:$M$49,'Standings Data'!$A$2:$A$49="A"),_xlfn._xlws.FILTER('Standings Data'!$K$2:$K$49,'Standings Data'!$A$2:$A$49="A"),1),4,9),"")} -> 1 | J6: {=IFERROR(INDEX(_xlfn.SORTBY(_xlfn._xlws.FILTER('Standings Data'!$B$2:$M$49,'Standings Data'!$A$2:$A$49="A"),_xlfn._xlws.FILTER('Standings Data'!$K$2:$K$49,'Standings Data'!$A$2:$A$49="A"),1),4,10),"")} -> 4 | K6: {=IFERROR(INDEX(_xlfn.SORTBY(_xlfn._xlws.FILTER('Standings Data'!$B$2:$M$49,'Standings Data'!$A$2:$A$49="A"),_xlfn._xlws.FILTER('Standings Data'!$K$2:$K$49,'Standings Data'!$A$2:$A$49="A"),1),4,11),"")} -> A4 | L6: {=IFERROR(INDEX(_xlfn.SORTBY(_xlfn._xlws.FILTER('Standings Data'!$B$2:$M$49,'Standings Data'!$A$2:$A$49="A"),_xlfn._xlws.FILTER('Standings Data'!$K$2:$K$49,'Standings Data'!$A$2:$A$49="A"),1),4,12),"")} | O6: {=IFERROR(INDEX(_xlfn.SORTBY(_xlfn._xlws.FILTER('Standings Data'!$B$2:$M$49,'Standings Data'!$A$2:$A$49="G"),_xlfn._xlws.FILTER('Standings Data'!$K$2:$K$49,'Standings Data'!$A$2:$A$49="G"),1),4,1),"")} -> New Zealand | P6: {=IFERROR(INDEX(_xlfn.SORTBY(_xlfn._xlws.FILTER('Standings Data'!$B$2:$M$49,'Standings Data'!$A$2:$A$49="G"),_xlfn._xlws.FILTER('Standings Data'!$K$2:$K$49,'Standings Data'!$A$2:$A$49="G"),1),4,2),"")} -> 3 | Q6: {=IFERROR(INDEX(_xlfn.SORTBY(_xlfn._xlws.FILTER('Standings Data'!$B$2:$M$49,'Standings Data'!$A$2:$A$49="G"),_xlfn._xlws.FILTER('Standings Data'!$K$2:$K$49,'Standings Data'!$A$2:$A$49="G"),1),4,3),"")} -> 0 | R6: {=IFERROR(INDEX(_xlfn.SORTBY(_xlfn._xlws.FILTER('Standings Data'!$B$2:$M$49,'Standings Data'!$A$2:$A$49="G"),_xlfn._xlws.FILTER('Standings Data'!$K$2:$K$49,'Standings Data'!$A$2:$A$49="G"),1),4,4),"")} -> 1 | S6: {=IFERROR(INDEX(_xlfn.SORTBY(_xlfn._xlws.FILTER('Standings Data'!$B$2:$M$49,'Standings Data'!$A$2:$A$49="G"),_xlfn._xlws.FILTER('Standings Data'!$K$2:$K$49,'Standings Data'!$A$2:$A$49="G"),1),4,5),"")} -> 2 | T6: {=IFERROR(INDEX(_xlfn.SORTBY(_xlfn._xlws.FILTER('Standings Data'!$B$2:$M$49,'Standings Data'!$A$2:$A$49="G"),_xlfn._xlws.FILTER('Standings Data'!$K$2:$K$49,'Standings Data'!$A$2:$A$49="G"),1),4,6),"")} -> 4 | U6: {=IFERROR(INDEX(_xlfn.SORTBY(_xlfn._xlws.FILTER('Standings Data'!$B$2:$M$49,'Standings Data'!$A$2:$A$49="G"),_xlfn._xlws.FILTER('Standings Data'!$K$2:$K$49,'Standings Data'!$A$2:$A$49="G"),1),4,7),"")} -> 10 | V6: {=IFERROR(INDEX(_xlfn.SORTBY(_xlfn._xlws.FILTER('Standings Data'!$B$2:$M$49,'Standings Data'!$A$2:$A$49="G"),_xlfn._xlws.FILTER('Standings Data'!$K$2:$K$49,'Standings Data'!$A$2:$A$49="G"),1),4,8),"")} -> -6 | W6: {=IFERROR(INDEX(_xlfn.SORTBY(_xlfn._xlws.FILTER('Standings Data'!$B$2:$M$49,'Standings Data'!$A$2:$A$49="G"),_xlfn._xlws.FILTER('Standings Data'!$K$2:$K$49,'Standings Data'!$A$2:$A$49="G"),1),4,9),"")} -> 1 | X6: {=IFERROR(INDEX(_xlfn.SORTBY(_xlfn._xlws.FILTER('Standings Data'!$B$2:$M$49,'Standings Data'!$A$2:$A$49="G"),_xlfn._xlws.FILTER('Standings Data'!$K$2:$K$49,'Standings Data'!$A$2:$A$49="G"),1),4,10),"")} -> 4 | Y6: {=IFERROR(INDEX(_xlfn.SORTBY(_xlfn._xlws.FILTER('Standings Data'!$B$2:$M$49,'Standings Data'!$A$2:$A$49="G"),_xlfn._xlws.FILTER('Standings Data'!$K$2:$K$49,'Standings Data'!$A$2:$A$49="G"),1),4,11),"")} -> G4 | Z6: {=IFERROR(INDEX(_xlfn.SORTBY(_xlfn._xlws.FILTER('Standings Data'!$B$2:$M$49,'Standings Data'!$A$2:$A$49="G"),_xlfn._xlws.FILTER('Standings Data'!$K$2:$K$49,'Standings Data'!$A$2:$A$49="G"),1),4,12),"")} | AC6: ='Standings Data'!O5 -> 4 | AD6: ='Standings Data'!P5 -> Paraguay | AE6: ='Standings Data'!Q5 -> D | AF6: ='Standings Data'!R5 -> 4 | AG6: ='Standings Data'!S5 -> -2 | AH6: ='Standings Data'!T5 -> 2 | AI6: ='Standings Data'!U5 -> Likely advances
AC7: ='Standings Data'!O6 -> 5 | AD7: ='Standings Data'!P6 -> Ecuador | AE7: ='Standings Data'!Q6 -> E | AF7: ='Standings Data'!R6 -> 4 | AG7: ='Standings Data'!S6 -> 0 | AH7: ='Standings Data'!T6 -> 2 | AI7: ='Standings Data'!U6 -> Likely advances
A8: Group B standings | O8: Group H standings | AC8: ='Standings Data'!O7 -> 6 | AD8: ='Standings Data'!P7 -> Sweden | AE8: ='Standings Data'!Q7 -> F | AF8: ='Standings Data'!R7 -> 4 | AG8: ='Standings Data'!S7 -> 0 | AH8: ='Standings Data'!T7 -> 7 | AI8: ='Standings Data'!U7 -> Likely advances
A9: Team | B9: Pld | C9: W | D9: D | E9: L | F9: GF | G9: GA | H9: GD | I9: Pts | J9: Rank | K9: Position | L9: Advance Status | O9: Team | P9: Pld | Q9: W | R9: D | S9: L | T9: GF | U9: GA | V9: GD | W9: Pts | X9: Rank | Y9: Position | Z9: Advance Status | AC9: ='Standings Data'!O8 -> 7 | AD9: ='Standings Data'!P8 -> IR Iran | AE9: ='Standings Data'!Q8 -> G | AF9: ='Standings Data'!R8 -> 3 | AG9: ='Standings Data'!S8 -> 0 | AH9: ='Standings Data'!T8 -> 3 | AI9: ='Standings Data'!U8 -> Likely advances
A10: {=IFERROR(INDEX(_xlfn.SORTBY(_xlfn._xlws.FILTER('Standings Data'!$B$2:$M$49,'Standings Data'!$A$2:$A$49="B"),_xlfn._xlws.FILTER('Standings Data'!$K$2:$K$49,'Standings Data'!$A$2:$A$49="B"),1),1,1),"")} -> Switzerland | B10: {=IFERROR(INDEX(_xlfn.SORTBY(_xlfn._xlws.FILTER('Standings Data'!$B$2:$M$49,'Standings Data'!$A$2:$A$49="B"),_xlfn._xlws.FILTER('Standings Data'!$K$2:$K$49,'Standings Data'!$A$2:$A$49="B"),1),1,2),"")} -> 3 | C10: {=IFERROR(INDEX(_xlfn.SORTBY(_xlfn._xlws.FILTER('Standings Data'!$B$2:$M$49,'Standings Data'!$A$2:$A$49="B"),_xlfn._xlws.FILTER('Standings Data'!$K$2:$K$49,'Standings Data'!$A$2:$A$49="B"),1),1,3),"")} -> 2 | D10: {=IFERROR(INDEX(_xlfn.SORTBY(_xlfn._xlws.FILTER('Standings Data'!$B$2:$M$49,'Standings Data'!$A$2:$A$49="B"),_xlfn._xlws.FILTER('Standings Data'!$K$2:$K$49,'Standings Data'!$A$2:$A$49="B"),1),1,4),"")} -> 1 | E10: {=IFERROR(INDEX(_xlfn.SORTBY(_xlfn._xlws.FILTER('Standings Data'!$B$2:$M$49,'Standings Data'!$A$2:$A$49="B"),_xlfn._xlws.FILTER('Standings Data'!$K$2:$K$49,'Standings Data'!$A$2:$A$49="B"),1),1,5),"")} -> 0 | F10: {=IFERROR(INDEX(_xlfn.SORTBY(_xlfn._xlws.FILTER('Standings Data'!$B$2:$M$49,'Standings Data'!$A$2:$A$49="B"),_xlfn._xlws.FILTER('Standings Data'!$K$2:$K$49,'Standings Data'!$A$2:$A$49="B"),1),1,6),"")} -> 7 | G10: {=IFERROR(INDEX(_xlfn.SORTBY(_xlfn._xlws.FILTER('Standings Data'!$B$2:$M$49,'Standings Data'!$A$2:$A$49="B"),_xlfn._xlws.FILTER('Standings Data'!$K$2:$K$49,'Standings Data'!$A$2:$A$49="B"),1),1,7),"")} -> 3 | H10: {=IFERROR(INDEX(_xlfn.SORTBY(_xlfn._xlws.FILTER('Standings Data'!$B$2:$M$49,'Standings Data'!$A$2:$A$49="B"),_xlfn._xlws.FILTER('Standings Data'!$K$2:$K$49,'Standings Data'!$A$2:$A$49="B"),1),1,8),"")} -> 4 | I10: {=IFERROR(INDEX(_xlfn.SORTBY(_xlfn._xlws.FILTER('Standings Data'!$B$2:$M$49,'Standings Data'!$A$2:$A$49="B"),_xlfn._xlws.FILTER('Standings Data'!$K$2:$K$49,'Standings Data'!$A$2:$A$49="B"),1),1,9),"")} -> 7 | J10: {=IFERROR(INDEX(_xlfn.SORTBY(_xlfn._xlws.FILTER('Standings Data'!$B$2:$M$49,'Standings Data'!$A$2:$A$49="B"),_xlfn._xlws.FILTER('Standings Data'!$K$2:$K$49,'Standings Data'!$A$2:$A$49="B"),1),1,10),"")} -> 1 | K10: {=IFERROR(INDEX(_xlfn.SORTBY(_xlfn._xlws.FILTER('Standings Data'!$B$2:$M$49,'Standings Data'!$A$2:$A$49="B"),_xlfn._xlws.FILTER('Standings Data'!$K$2:$K$49,'Standings Data'!$A$2:$A$49="B"),1),1,11),"")} -> B1 | L10: {=IFERROR(INDEX(_xlfn.SORTBY(_xlfn._xlws.FILTER('Standings Data'!$B$2:$M$49,'Standings Data'!$A$2:$A$49="B"),_xlfn._xlws.FILTER('Standings Data'!$K$2:$K$49,'Standings Data'!$A$2:$A$49="B"),1),1,12),"")} -> Qualified | O10: {=IFERROR(INDEX(_xlfn.SORTBY(_xlfn._xlws.FILTER('Standings Data'!$B$2:$M$49,'Standings Data'!$A$2:$A$49="H"),_xlfn._xlws.FILTER('Standings Data'!$K$2:$K$49,'Standings Data'!$A$2:$A$49="H"),1),1,1),"")} -> Spain | P10: {=IFERROR(INDEX(_xlfn.SORTBY(_xlfn._xlws.FILTER('Standings Data'!$B$2:$M$49,'Standings Data'!$A$2:$A$49="H"),_xlfn._xlws.FILTER('Standings Data'!$K$2:$K$49,'Standings Data'!$A$2:$A$49="H"),1),1,2),"")} -> 3 | Q10: {=IFERROR(INDEX(_xlfn.SORTBY(_xlfn._xlws.FILTER('Standings Data'!$B$2:$M$49,'Standings Data'!$A$2:$A$49="H"),_xlfn._xlws.FILTER('Standings Data'!$K$2:$K$49,'Standings Data'!$A$2:$A$49="H"),1),1,3),"")} -> 2 | R10: {=IFERROR(INDEX(_xlfn.SORTBY(_xlfn._xlws.FILTER('Standings Data'!$B$2:$M$49,'Standings Data'!$A$2:$A$49="H"),_xlfn._xlws.FILTER('Standings Data'!$K$2:$K$49,'Standings Data'!$A$2:$A$49="H"),1),1,4),"")} -> 1 | S10: {=IFERROR(INDEX(_xlfn.SORTBY(_xlfn._xlws.FILTER('Standings Data'!$B$2:$M$49,'Standings Data'!$A$2:$A$49="H"),_xlfn._xlws.FILTER('Standings Data'!$K$2:$K$49,'Standings Data'!$A$2:$A$49="H"),1),1,5),"")} -> 0 | T10: {=IFERROR(INDEX(_xlfn.SORTBY(_xlfn._xlws.FILTER('Standings Data'!$B$2:$M$49,'Standings Data'!$A$2:$A$49="H"),_xlfn._xlws.FILTER('Standings Data'!$K$2:$K$49,'Standings Data'!$A$2:$A$49="H"),1),1,6),"")} -> 5 | U10: {=IFERROR(INDEX(_xlfn.SORTBY(_xlfn._xlws.FILTER('Standings Data'!$B$2:$M$49,'Standings Data'!$A$2:$A$49="H"),_xlfn._xlws.FILTER('Standings Data'!$K$2:$K$49,'Standings Data'!$A$2:$A$49="H"),1),1,7),"")} -> 0 | V10: {=IFERROR(INDEX(_xlfn.SORTBY(_xlfn._xlws.FILTER('Standings Data'!$B$2:$M$49,'Standings Data'!$A$2:$A$49="H"),_xlfn._xlws.FILTER('Standings Data'!$K$2:$K$49,'Standings Data'!$A$2:$A$49="H"),1),1,8),"")} -> 5 | W10: {=IFERROR(INDEX(_xlfn.SORTBY(_xlfn._xlws.FILTER('Standings Data'!$B$2:$M$49,'Standings Data'!$A$2:$A$49="H"),_xlfn._xlws.FILTER('Standings Data'!$K$2:$K$49,'Standings Data'!$A$2:$A$49="H"),1),1,9),"")} -> 7 | X10: {=IFERROR(INDEX(_xlfn.SORTBY(_xlfn._xlws.FILTER('Standings Data'!$B$2:$M$49,'Standings Data'!$A$2:$A$49="H"),_xlfn._xlws.FILTER('Standings Data'!$K$2:$K$49,'Standings Data'!$A$2:$A$49="H"),1),1,10),"")} -> 1 | Y10: {=IFERROR(INDEX(_xlfn.SORTBY(_xlfn._xlws.FILTER('Standings Data'!$B$2:$M$49,'Standings Data'!$A$2:$A$49="H"),_xlfn._xlws.FILTER('Standings Data'!$K$2:$K$49,'Standings Data'!$A$2:$A$49="H"),1),1,11),"")} -> H1 | Z10: {=IFERROR(INDEX(_xlfn.SORTBY(_xlfn._xlws.FILTER('Standings Data'!$B$2:$M$49,'Standings Data'!$A$2:$A$49="H"),_xlfn._xlws.FILTER('Standings Data'!$K$2:$K$49,'Standings Data'!$A$2:$A$49="H"),1),1,12),"")} -> Qualified | AC10: ='Standings Data'!O9 -> 8 | AD10: ='Standings Data'!P9 -> Uruguay | AE10: ='Standings Data'!Q9 -> H | AF10: ='Standings Data'!R9 -> 2 | AG10: ='Standings Data'!S9 -> -1 | AH10: ='Standings Data'!T9 -> 3 | AI10: ='Standings Data'!U9 -> Watch
A11: {=IFERROR(INDEX(_xlfn.SORTBY(_xlfn._xlws.FILTER('Standings Data'!$B$2:$M$49,'Standings Data'!$A$2:$A$49="B"),_xlfn._xlws.FILTER('Standings Data'!$K$2:$K$49,'Standings Data'!$A$2:$A$49="B"),1),2,1),"")} -> Canada | B11: {=IFERROR(INDEX(_xlfn.SORTBY(_xlfn._xlws.FILTER('Standings Data'!$B$2:$M$49,'Standings Data'!$A$2:$A$49="B"),_xlfn._xlws.FILTER('Standings Data'!$K$2:$K$49,'Standings Data'!$A$2:$A$49="B"),1),2,2),"")} -> 3 | C11: {=IFERROR(INDEX(_xlfn.SORTBY(_xlfn._xlws.FILTER('Standings Data'!$B$2:$M$49,'Standings Data'!$A$2:$A$49="B"),_xlfn._xlws.FILTER('Standings Data'!$K$2:$K$49,'Standings Data'!$A$2:$A$49="B"),1),2,3),"")} -> 1 | D11: {=IFERROR(INDEX(_xlfn.SORTBY(_xlfn._xlws.FILTER('Standings Data'!$B$2:$M$49,'Standings Data'!$A$2:$A$49="B"),_xlfn._xlws.FILTER('Standings Data'!$K$2:$K$49,'Standings Data'!$A$2:$A$49="B"),1),2,4),"")} -> 1 | E11: {=IFERROR(INDEX(_xlfn.SORTBY(_xlfn._xlws.FILTER('Standings Data'!$B$2:$M$49,'Standings Data'!$A$2:$A$49="B"),_xlfn._xlws.FILTER('Standings Data'!$K$2:$K$49,'Standings Data'!$A$2:$A$49="B"),1),2,5),"")} -> 1 | F11: {=IFERROR(INDEX(_xlfn.SORTBY(_xlfn._xlws.FILTER('Standings Data'!$B$2:$M$49,'Standings Data'!$A$2:$A$49="B"),_xlfn._xlws.FILTER('Standings Data'!$K$2:$K$49,'Standings Data'!$A$2:$A$49="B"),1),2,6),"")} -> 8 | G11: {=IFERROR(INDEX(_xlfn.SORTBY(_xlfn._xlws.FILTER('Standings Data'!$B$2:$M$49,'Standings Data'!$A$2:$A$49="B"),_xlfn._xlws.FILTER('Standings Data'!$K$2:$K$49,'Standings Data'!$A$2:$A$49="B"),1),2,7),"")} -> 3 | H11: {=IFERROR(INDEX(_xlfn.SORTBY(_xlfn._xlws.FILTER('Standings Data'!$B$2:$M$49,'Standings Data'!$A$2:$A$49="B"),_xlfn._xlws.FILTER('Standings Data'!$K$2:$K$49,'Standings Data'!$A$2:$A$49="B"),1),2,8),"")} -> 5 | I11: {=IFERROR(INDEX(_xlfn.SORTBY(_xlfn._xlws.FILTER('Standings Data'!$B$2:$M$49,'Standings Data'!$A$2:$A$49="B"),_xlfn._xlws.FILTER('Standings Data'!$K$2:$K$49,'Standings Data'!$A$2:$A$49="B"),1),2,9),"")} -> 4 | J11: {=IFERROR(INDEX(_xlfn.SORTBY(_xlfn._xlws.FILTER('Standings Data'!$B$2:$M$49,'Standings Data'!$A$2:$A$49="B"),_xlfn._xlws.FILTER('Standings Data'!$K$2:$K$49,'Standings Data'!$A$2:$A$49="B"),1),2,10),"")} -> 2 | K11: {=IFERROR(INDEX(_xlfn.SORTBY(_xlfn._xlws.FILTER('Standings Data'!$B$2:$M$49,'Standings Data'!$A$2:$A$49="B"),_xlfn._xlws.FILTER('Standings Data'!$K$2:$K$49,'Standings Data'!$A$2:$A$49="B"),1),2,11),"")} -> B2 | L11: {=IFERROR(INDEX(_xlfn.SORTBY(_xlfn._xlws.FILTER('Standings Data'!$B$2:$M$49,'Standings Data'!$A$2:$A$49="B"),_xlfn._xlws.FILTER('Standings Data'!$K$2:$K$49,'Standings Data'!$A$2:$A$49="B"),1),2,12),"")} -> Qualified | O11: {=IFERROR(INDEX(_xlfn.SORTBY(_xlfn._xlws.FILTER('Standings Data'!$B$2:$M$49,'Standings Data'!$A$2:$A$49="H"),_xlfn._xlws.FILTER('Standings Data'!$K$2:$K$49,'Standings Data'!$A$2:$A$49="H"),1),2,1),"")} -> Cabo Verde | P11: {=IFERROR(INDEX(_xlfn.SORTBY(_xlfn._xlws.FILTER('Standings Data'!$B$2:$M$49,'Standings Data'!$A$2:$A$49="H"),_xlfn._xlws.FILTER('Standings Data'!$K$2:$K$49,'Standings Data'!$A$2:$A$49="H"),1),2,2),"")} -> 3 | Q11: {=IFERROR(INDEX(_xlfn.SORTBY(_xlfn._xlws.FILTER('Standings Data'!$B$2:$M$49,'Standings Data'!$A$2:$A$49="H"),_xlfn._xlws.FILTER('Standings Data'!$K$2:$K$49,'Standings Data'!$A$2:$A$49="H"),1),2,3),"")} -> 0 | R11: {=IFERROR(INDEX(_xlfn.SORTBY(_xlfn._xlws.FILTER('Standings Data'!$B$2:$M$49,'Standings Data'!$A$2:$A$49="H"),_xlfn._xlws.FILTER('Standings Data'!$K$2:$K$49,'Standings Data'!$A$2:$A$49="H"),1),2,4),"")} -> 3 | S11: {=IFERROR(INDEX(_xlfn.SORTBY(_xlfn._xlws.FILTER('Standings Data'!$B$2:$M$49,'Standings Data'!$A$2:$A$49="H"),_xlfn._xlws.FILTER('Standings Data'!$K$2:$K$49,'Standings Data'!$A$2:$A$49="H"),1),2,5),"")} -> 0 | T11: {=IFERROR(INDEX(_xlfn.SORTBY(_xlfn._xlws.FILTER('Standings Data'!$B$2:$M$49,'Standings Data'!$A$2:$A$49="H"),_xlfn._xlws.FILTER('Standings Data'!$K$2:$K$49,'Standings Data'!$A$2:$A$49="H"),1),2,6),"")} -> 2 | U11: {=IFERROR(INDEX(_xlfn.SORTBY(_xlfn._xlws.FILTER('Standings Data'!$B$2:$M$49,'Standings Data'!$A$2:$A$49="H"),_xlfn._xlws.FILTER('Standings Data'!$K$2:$K$49,'Standings Data'!$A$2:$A$49="H"),1),2,7),"")} -> 2 | V11: {=IFERROR(INDEX(_xlfn.SORTBY(_xlfn._xlws.FILTER('Standings Data'!$B$2:$M$49,'Standings Data'!$A$2:$A$49="H"),_xlfn._xlws.FILTER('Standings Data'!$K$2:$K$49,'Standings Data'!$A$2:$A$49="H"),1),2,8),"")} -> 0 | W11: {=IFERROR(INDEX(_xlfn.SORTBY(_xlfn._xlws.FILTER('Standings Data'!$B$2:$M$49,'Standings Data'!$A$2:$A$49="H"),_xlfn._xlws.FILTER('Standings Data'!$K$2:$K$49,'Standings Data'!$A$2:$A$49="H"),1),2,9),"")} -> 3 | X11: {=IFERROR(INDEX(_xlfn.SORTBY(_xlfn._xlws.FILTER('Standings Data'!$B$2:$M$49,'Standings Data'!$A$2:$A$49="H"),_xlfn._xlws.FILTER('Standings Data'!$K$2:$K$49,'Standings Data'!$A$2:$A$49="H"),1),2,10),"")} -> 2 | Y11: {=IFERROR(INDEX(_xlfn.SORTBY(_xlfn._xlws.FILTER('Standings Data'!$B$2:$M$49,'Standings Data'!$A$2:$A$49="H"),_xlfn._xlws.FILTER('Standings Data'!$K$2:$K$49,'Standings Data'!$A$2:$A$49="H"),1),2,11),"")} -> H2 | Z11: {=IFERROR(INDEX(_xlfn.SORTBY(_xlfn._xlws.FILTER('Standings Data'!$B$2:$M$49,'Standings Data'!$A$2:$A$49="H"),_xlfn._xlws.FILTER('Standings Data'!$K$2:$K$49,'Standings Data'!$A$2:$A$49="H"),1),2,12),"")} -> Qualified | AC11: ='Standings Data'!O10 -> 9 | AD11: ='Standings Data'!P10 -> Senegal | AE11: ='Standings Data'!Q10 -> I | AF11: ='Standings Data'!R10 -> 3 | AG11: ='Standings Data'!S10 -> 2 | AH11: ='Standings Data'!T10 -> 8 | AI11: ='Standings Data'!U10 -> Likely advances
A12: {=IFERROR(INDEX(_xlfn.SORTBY(_xlfn._xlws.FILTER('Standings Data'!$B$2:$M$49,'Standings Data'!$A$2:$A$49="B"),_xlfn._xlws.FILTER('Standings Data'!$K$2:$K$49,'Standings Data'!$A$2:$A$49="B"),1),3,1),"")} -> Bosnia and Herzegovina | B12: {=IFERROR(INDEX(_xlfn.SORTBY(_xlfn._xlws.FILTER('Standings Data'!$B$2:$M$49,'Standings Data'!$A$2:$A$49="B"),_xlfn._xlws.FILTER('Standings Data'!$K$2:$K$49,'Standings Data'!$A$2:$A$49="B"),1),3,2),"")} -> 3 | C12: {=IFERROR(INDEX(_xlfn.SORTBY(_xlfn._xlws.FILTER('Standings Data'!$B$2:$M$49,'Standings Data'!$A$2:$A$49="B"),_xlfn._xlws.FILTER('Standings Data'!$K$2:$K$49,'Standings Data'!$A$2:$A$49="B"),1),3,3),"")} -> 1 | D12: {=IFERROR(INDEX(_xlfn.SORTBY(_xlfn._xlws.FILTER('Standings Data'!$B$2:$M$49,'Standings Data'!$A$2:$A$49="B"),_xlfn._xlws.FILTER('Standings Data'!$K$2:$K$49,'Standings Data'!$A$2:$A$49="B"),1),3,4),"")} -> 1 | E12: {=IFERROR(INDEX(_xlfn.SORTBY(_xlfn._xlws.FILTER('Standings Data'!$B$2:$M$49,'Standings Data'!$A$2:$A$49="B"),_xlfn._xlws.FILTER('Standings Data'!$K$2:$K$49,'Standings Data'!$A$2:$A$49="B"),1),3,5),"")} -> 1 | F12: {=IFERROR(INDEX(_xlfn.SORTBY(_xlfn._xlws.FILTER('Standings Data'!$B$2:$M$49,'Standings Data'!$A$2:$A$49="B"),_xlfn._xlws.FILTER('Standings Data'!$K$2:$K$49,'Standings Data'!$A$2:$A$49="B"),1),3,6),"")} -> 5 | G12: {=IFERROR(INDEX(_xlfn.SORTBY(_xlfn._xlws.FILTER('Standings Data'!$B$2:$M$49,'Standings Data'!$A$2:$A$49="B"),_xlfn._xlws.FILTER('Standings Data'!$K$2:$K$49,'Standings Data'!$A$2:$A$49="B"),1),3,7),"")} -> 6 | H12: {=IFERROR(INDEX(_xlfn.SORTBY(_xlfn._xlws.FILTER('Standings Data'!$B$2:$M$49,'Standings Data'!$A$2:$A$49="B"),_xlfn._xlws.FILTER('Standings Data'!$K$2:$K$49,'Standings Data'!$A$2:$A$49="B"),1),3,8),"")} -> -1 | I12: {=IFERROR(INDEX(_xlfn.SORTBY(_xlfn._xlws.FILTER('Standings Data'!$B$2:$M$49,'Standings Data'!$A$2:$A$49="B"),_xlfn._xlws.FILTER('Standings Data'!$K$2:$K$49,'Standings Data'!$A$2:$A$49="B"),1),3,9),"")} -> 4 | J12: {=IFERROR(INDEX(_xlfn.SORTBY(_xlfn._xlws.FILTER('Standings Data'!$B$2:$M$49,'Standings Data'!$A$2:$A$49="B"),_xlfn._xlws.FILTER('Standings Data'!$K$2:$K$49,'Standings Data'!$A$2:$A$49="B"),1),3,10),"")} -> 3 | K12: {=IFERROR(INDEX(_xlfn.SORTBY(_xlfn._xlws.FILTER('Standings Data'!$B$2:$M$49,'Standings Data'!$A$2:$A$49="B"),_xlfn._xlws.FILTER('Standings Data'!$K$2:$K$49,'Standings Data'!$A$2:$A$49="B"),1),3,11),"")} -> B3 | L12: {=IFERROR(INDEX(_xlfn.SORTBY(_xlfn._xlws.FILTER('Standings Data'!$B$2:$M$49,'Standings Data'!$A$2:$A$49="B"),_xlfn._xlws.FILTER('Standings Data'!$K$2:$K$49,'Standings Data'!$A$2:$A$49="B"),1),3,12),"")} -> Third-place pool | O12: {=IFERROR(INDEX(_xlfn.SORTBY(_xlfn._xlws.FILTER('Standings Data'!$B$2:$M$49,'Standings Data'!$A$2:$A$49="H"),_xlfn._xlws.FILTER('Standings Data'!$K$2:$K$49,'Standings Data'!$A$2:$A$49="H"),1),3,1),"")} -> Uruguay | P12: {=IFERROR(INDEX(_xlfn.SORTBY(_xlfn._xlws.FILTER('Standings Data'!$B$2:$M$49,'Standings Data'!$A$2:$A$49="H"),_xlfn._xlws.FILTER('Standings Data'!$K$2:$K$49,'Standings Data'!$A$2:$A$49="H"),1),3,2),"")} -> 3 | Q12: {=IFERROR(INDEX(_xlfn.SORTBY(_xlfn._xlws.FILTER('Standings Data'!$B$2:$M$49,'Standings Data'!$A$2:$A$49="H"),_xlfn._xlws.FILTER('Standings Data'!$K$2:$K$49,'Standings Data'!$A$2:$A$49="H"),1),3,3),"")} -> 0 | R12: {=IFERROR(INDEX(_xlfn.SORTBY(_xlfn._xlws.FILTER('Standings Data'!$B$2:$M$49,'Standings Data'!$A$2:$A$49="H"),_xlfn._xlws.FILTER('Standings Data'!$K$2:$K$49,'Standings Data'!$A$2:$A$49="H"),1),3,4),"")} -> 2 | S12: {=IFERROR(INDEX(_xlfn.SORTBY(_xlfn._xlws.FILTER('Standings Data'!$B$2:$M$49,'Standings Data'!$A$2:$A$49="H"),_xlfn._xlws.FILTER('Standings Data'!$K$2:$K$49,'Standings Data'!$A$2:$A$49="H"),1),3,5),"")} -> 1 | T12: {=IFERROR(INDEX(_xlfn.SORTBY(_xlfn._xlws.FILTER('Standings Data'!$B$2:$M$49,'Standings Data'!$A$2:$A$49="H"),_xlfn._xlws.FILTER('Standings Data'!$K$2:$K$49,'Standings Data'!$A$2:$A$49="H"),1),3,6),"")} -> 3 | U12: {=IFERROR(INDEX(_xlfn.SORTBY(_xlfn._xlws.FILTER('Standings Data'!$B$2:$M$49,'Standings Data'!$A$2:$A$49="H"),_xlfn._xlws.FILTER('Standings Data'!$K$2:$K$49,'Standings Data'!$A$2:$A$49="H"),1),3,7),"")} -> 4 | V12: {=IFERROR(INDEX(_xlfn.SORTBY(_xlfn._xlws.FILTER('Standings Data'!$B$2:$M$49,'Standings Data'!$A$2:$A$49="H"),_xlfn._xlws.FILTER('Standings Data'!$K$2:$K$49,'Standings Data'!$A$2:$A$49="H"),1),3,8),"")} -> -1 | W12: {=IFERROR(INDEX(_xlfn.SORTBY(_xlfn._xlws.FILTER('Standings Data'!$B$2:$M$49,'Standings Data'!$A$2:$A$49="H"),_xlfn._xlws.FILTER('Standings Data'!$K$2:$K$49,'Standings Data'!$A$2:$A$49="H"),1),3,9),"")} -> 2 | X12: {=IFERROR(INDEX(_xlfn.SORTBY(_xlfn._xlws.FILTER('Standings Data'!$B$2:$M$49,'Standings Data'!$A$2:$A$49="H"),_xlfn._xlws.FILTER('Standings Data'!$K$2:$K$49,'Standings Data'!$A$2:$A$49="H"),1),3,10),"")} -> 3 | Y12: {=IFERROR(INDEX(_xlfn.SORTBY(_xlfn._xlws.FILTER('Standings Data'!$B$2:$M$49,'Standings Data'!$A$2:$A$49="H"),_xlfn._xlws.FILTER('Standings Data'!$K$2:$K$49,'Standings Data'!$A$2:$A$49="H"),1),3,11),"")} -> H3 | Z12: {=IFERROR(INDEX(_xlfn.SORTBY(_xlfn._xlws.FILTER('Standings Data'!$B$2:$M$49,'Standings Data'!$A$2:$A$49="H"),_xlfn._xlws.FILTER('Standings Data'!$K$2:$K$49,'Standings Data'!$A$2:$A$49="H"),1),3,12),"")} -> Third-place pool | AC12: ='Standings Data'!O11 -> 10 | AD12: ='Standings Data'!P11 -> Algeria | AE12: ='Standings Data'!Q11 -> J | AF12: ='Standings Data'!R11 -> 4 | AG12: ='Standings Data'!S11 -> -2 | AH12: ='Standings Data'!T11 -> 5 | AI12: ='Standings Data'!U11 -> Likely advances
A13: {=IFERROR(INDEX(_xlfn.SORTBY(_xlfn._xlws.FILTER('Standings Data'!$B$2:$M$49,'Standings Data'!$A$2:$A$49="B"),_xlfn._xlws.FILTER('Standings Data'!$K$2:$K$49,'Standings Data'!$A$2:$A$49="B"),1),4,1),"")} -> Qatar | B13: {=IFERROR(INDEX(_xlfn.SORTBY(_xlfn._xlws.FILTER('Standings Data'!$B$2:$M$49,'Standings Data'!$A$2:$A$49="B"),_xlfn._xlws.FILTER('Standings Data'!$K$2:$K$49,'Standings Data'!$A$2:$A$49="B"),1),4,2),"")} -> 3 | C13: {=IFERROR(INDEX(_xlfn.SORTBY(_xlfn._xlws.FILTER('Standings Data'!$B$2:$M$49,'Standings Data'!$A$2:$A$49="B"),_xlfn._xlws.FILTER('Standings Data'!$K$2:$K$49,'Standings Data'!$A$2:$A$49="B"),1),4,3),"")} -> 0 | D13: {=IFERROR(INDEX(_xlfn.SORTBY(_xlfn._xlws.FILTER('Standings Data'!$B$2:$M$49,'Standings Data'!$A$2:$A$49="B"),_xlfn._xlws.FILTER('Standings Data'!$K$2:$K$49,'Standings Data'!$A$2:$A$49="B"),1),4,4),"")} -> 1 | E13: {=IFERROR(INDEX(_xlfn.SORTBY(_xlfn._xlws.FILTER('Standings Data'!$B$2:$M$49,'Standings Data'!$A$2:$A$49="B"),_xlfn._xlws.FILTER('Standings Data'!$K$2:$K$49,'Standings Data'!$A$2:$A$49="B"),1),4,5),"")} -> 2 | F13: {=IFERROR(INDEX(_xlfn.SORTBY(_xlfn._xlws.FILTER('Standings Data'!$B$2:$M$49,'Standings Data'!$A$2:$A$49="B"),_xlfn._xlws.FILTER('Standings Data'!$K$2:$K$49,'Standings Data'!$A$2:$A$49="B"),1),4,6),"")} -> 2 | G13: {=IFERROR(INDEX(_xlfn.SORTBY(_xlfn._xlws.FILTER('Standings Data'!$B$2:$M$49,'Standings Data'!$A$2:$A$49="B"),_xlfn._xlws.FILTER('Standings Data'!$K$2:$K$49,'Standings Data'!$A$2:$A$49="B"),1),4,7),"")} -> 10 | H13: {=IFERROR(INDEX(_xlfn.SORTBY(_xlfn._xlws.FILTER('Standings Data'!$B$2:$M$49,'Standings Data'!$A$2:$A$49="B"),_xlfn._xlws.FILTER('Standings Data'!$K$2:$K$49,'Standings Data'!$A$2:$A$49="B"),1),4,8),"")} -> -8 | I13: {=IFERROR(INDEX(_xlfn.SORTBY(_xlfn._xlws.FILTER('Standings Data'!$B$2:$M$49,'Standings Data'!$A$2:$A$49="B"),_xlfn._xlws.FILTER('Standings Data'!$K$2:$K$49,'Standings Data'!$A$2:$A$49="B"),1),4,9),"")} -> 1 | J13: {=IFERROR(INDEX(_xlfn.SORTBY(_xlfn._xlws.FILTER('Standings Data'!$B$2:$M$49,'Standings Data'!$A$2:$A$49="B"),_xlfn._xlws.FILTER('Standings Data'!$K$2:$K$49,'Standings Data'!$A$2:$A$49="B"),1),4,10),"")} -> 4 | K13: {=IFERROR(INDEX(_xlfn.SORTBY(_xlfn._xlws.FILTER('Standings Data'!$B$2:$M$49,'Standings Data'!$A$2:$A$49="B"),_xlfn._xlws.FILTER('Standings Data'!$K$2:$K$49,'Standings Data'!$A$2:$A$49="B"),1),4,11),"")} -> B4 | L13: {=IFERROR(INDEX(_xlfn.SORTBY(_xlfn._xlws.FILTER('Standings Data'!$B$2:$M$49,'Standings Data'!$A$2:$A$49="B"),_xlfn._xlws.FILTER('Standings Data'!$K$2:$K$49,'Standings Data'!$A$2:$A$49="B"),1),4,12),"")} | O13: {=IFERROR(INDEX(_xlfn.SORTBY(_xlfn._xlws.FILTER('Standings Data'!$B$2:$M$49,'Standings Data'!$A$2:$A$49="H"),_xlfn._xlws.FILTER('Standings Data'!$K$2:$K$49,'Standings Data'!$A$2:$A$49="H"),1),4,1),"")} -> Saudi Arabia | P13: {=IFERROR(INDEX(_xlfn.SORTBY(_xlfn._xlws.FILTER('Standings Data'!$B$2:$M$49,'Standings Data'!$A$2:$A$49="H"),_xlfn._xlws.FILTER('Standings Data'!$K$2:$K$49,'Standings Data'!$A$2:$A$49="H"),1),4,2),"")} -> 3 | Q13: {=IFERROR(INDEX(_xlfn.SORTBY(_xlfn._xlws.FILTER('Standings Data'!$B$2:$M$49,'Standings Data'!$A$2:$A$49="H"),_xlfn._xlws.FILTER('Standings Data'!$K$2:$K$49,'Standings Data'!$A$2:$A$49="H"),1),4,3),"")} -> 0 | R13: {=IFERROR(INDEX(_xlfn.SORTBY(_xlfn._xlws.FILTER('Standings Data'!$B$2:$M$49,'Standings Data'!$A$2:$A$49="H"),_xlfn._xlws.FILTER('Standings Data'!$K$2:$K$49,'Standings Data'!$A$2:$A$49="H"),1),4,4),"")} -> 2 | S13: {=IFERROR(INDEX(_xlfn.SORTBY(_xlfn._xlws.FILTER('Standings Data'!$B$2:$M$49,'Standings Data'!$A$2:$A$49="H"),_xlfn._xlws.FILTER('Standings Data'!$K$2:$K$49,'Standings Data'!$A$2:$A$49="H"),1),4,5),"")} -> 1 | T13: {=IFERROR(INDEX(_xlfn.SORTBY(_xlfn._xlws.FILTER('Standings Data'!$B$2:$M$49,'Standings Data'!$A$2:$A$49="H"),_xlfn._xlws.FILTER('Standings Data'!$K$2:$K$49,'Standings Data'!$A$2:$A$49="H"),1),4,6),"")} -> 1 | U13: {=IFERROR(INDEX(_xlfn.SORTBY(_xlfn._xlws.FILTER('Standings Data'!$B$2:$M$49,'Standings Data'!$A$2:$A$49="H"),_xlfn._xlws.FILTER('Standings Data'!$K$2:$K$49,'Standings Data'!$A$2:$A$49="H"),1),4,7),"")} -> 5 | V13: {=IFERROR(INDEX(_xlfn.SORTBY(_xlfn._xlws.FILTER('Standings Data'!$B$2:$M$49,'Standings Data'!$A$2:$A$49="H"),_xlfn._xlws.FILTER('Standings Data'!$K$2:$K$49,'Standings Data'!$A$2:$A$49="H"),1),4,8),"")} -> -4 | W13: {=IFERROR(INDEX(_xlfn.SORTBY(_xlfn._xlws.FILTER('Standings Data'!$B$2:$M$49,'Standings Data'!$A$2:$A$49="H"),_xlfn._xlws.FILTER('Standings Data'!$K$2:$K$49,'Standings Data'!$A$2:$A$49="H"),1),4,9),"")} -> 2 | X13: {=IFERROR(INDEX(_xlfn.SORTBY(_xlfn._xlws.FILTER('Standings Data'!$B$2:$M$49,'Standings Data'!$A$2:$A$49="H"),_xlfn._xlws.FILTER('Standings Data'!$K$2:$K$49,'Standings Data'!$A$2:$A$49="H"),1),4,10),"")} -> 4 | Y13: {=IFERROR(INDEX(_xlfn.SORTBY(_xlfn._xlws.FILTER('Standings Data'!$B$2:$M$49,'Standings Data'!$A$2:$A$49="H"),_xlfn._xlws.FILTER('Standings Data'!$K$2:$K$49,'Standings Data'!$A$2:$A$49="H"),1),4,11),"")} -> H4 | Z13: {=IFERROR(INDEX(_xlfn.SORTBY(_xlfn._xlws.FILTER('Standings Data'!$B$2:$M$49,'Standings Data'!$A$2:$A$49="H"),_xlfn._xlws.FILTER('Standings Data'!$K$2:$K$49,'Standings Data'!$A$2:$A$49="H"),1),4,12),"")} | AC13: ='Standings Data'!O12 -> 11 | AD13: ='Standings Data'!P12 -> Congo DR | AE13: ='Standings Data'!Q12 -> K | AF13: ='Standings Data'!R12 -> 4 | AG13: ='Standings Data'!S12 -> 1 | AH13: ='Standings Data'!T12 -> 4 | AI13: ='Standings Data'!U12 -> Likely advances
AC14: ='Standings Data'!O13 -> 12 | AD14: ='Standings Data'!P13 -> Ghana | AE14: ='Standings Data'!Q13 -> L | AF14: ='Standings Data'!R13 -> 4 | AG14: ='Standings Data'!S13 -> 0 | AH14: ='Standings Data'!T13 -> 2 | AI14: ='Standings Data'!U13 -> Likely advances
A15: Group C standings | O15: Group I standings
A16: Team | B16: Pld | C16: W | D16: D | E16: L | F16: GF | G16: GA | H16: GD | I16: Pts | J16: Rank | K16: Position | L16: Advance Status | O16: Team | P16: Pld | Q16: W | R16: D | S16: L | T16: GF | U16: GA | V16: GD | W16: Pts | X16: Rank | Y16: Position | Z16: Advance Status
A17: {=IFERROR(INDEX(_xlfn.SORTBY(_xlfn._xlws.FILTER('Standings Data'!$B$2:$M$49,'Standings Data'!$A$2:$A$49="C"),_xlfn._xlws.FILTER('Standings Data'!$K$2:$K$49,'Standings Data'!$A$2:$A$49="C"),1),1,1),"")} -> Brazil | B17: {=IFERROR(INDEX(_xlfn.SORTBY(_xlfn._xlws.FILTER('Standings Data'!$B$2:$M$49,'Standings Data'!$A$2:$A$49="C"),_xlfn._xlws.FILTER('Standings Data'!$K$2:$K$49,'Standings Data'!$A$2:$A$49="C"),1),1,2),"")} -> 3 | C17: {=IFERROR(INDEX(_xlfn.SORTBY(_xlfn._xlws.FILTER('Standings Data'!$B$2:$M$49,'Standings Data'!$A$2:$A$49="C"),_xlfn._xlws.FILTER('Standings Data'!$K$2:$K$49,'Standings Data'!$A$2:$A$49="C"),1),1,3),"")} -> 2 | D17: {=IFERROR(INDEX(_xlfn.SORTBY(_xlfn._xlws.FILTER('Standings Data'!$B$2:$M$49,'Standings Data'!$A$2:$A$49="C"),_xlfn._xlws.FILTER('Standings Data'!$K$2:$K$49,'Standings Data'!$A$2:$A$49="C"),1),1,4),"")} -> 1 | E17: {=IFERROR(INDEX(_xlfn.SORTBY(_xlfn._xlws.FILTER('Standings Data'!$B$2:$M$49,'Standings Data'!$A$2:$A$49="C"),_xlfn._xlws.FILTER('Standings Data'!$K$2:$K$49,'Standings Data'!$A$2:$A$49="C"),1),1,5),"")} -> 0 | F17: {=IFERROR(INDEX(_xlfn.SORTBY(_xlfn._xlws.FILTER('Standings Data'!$B$2:$M$49,'Standings Data'!$A$2:$A$49="C"),_xlfn._xlws.FILTER('Standings Data'!$K$2:$K$49,'Standings Data'!$A$2:$A$49="C"),1),1,6),"")} -> 7 | G17: {=IFERROR(INDEX(_xlfn.SORTBY(_xlfn._xlws.FILTER('Standings Data'!$B$2:$M$49,'Standings Data'!$A$2:$A$49="C"),_xlfn._xlws.FILTER('Standings Data'!$K$2:$K$49,'Standings Data'!$A$2:$A$49="C"),1),1,7),"")} -> 1 | H17: {=IFERROR(INDEX(_xlfn.SORTBY(_xlfn._xlws.FILTER('Standings Data'!$B$2:$M$49,'Standings Data'!$A$2:$A$49="C"),_xlfn._xlws.FILTER('Standings Data'!$K$2:$K$49,'Standings Data'!$A$2:$A$49="C"),1),1,8),"")} -> 6 | I17: {=IFERROR(INDEX(_xlfn.SORTBY(_xlfn._xlws.FILTER('Standings Data'!$B$2:$M$49,'Standings Data'!$A$2:$A$49="C"),_xlfn._xlws.FILTER('Standings Data'!$K$2:$K$49,'Standings Data'!$A$2:$A$49="C"),1),1,9),"")} -> 7 | J17: {=IFERROR(INDEX(_xlfn.SORTBY(_xlfn._xlws.FILTER('Standings Data'!$B$2:$M$49,'Standings Data'!$A$2:$A$49="C"),_xlfn._xlws.FILTER('Standings Data'!$K$2:$K$49,'Standings Data'!$A$2:$A$49="C"),1),1,10),"")} -> 1 | K17: {=IFERROR(INDEX(_xlfn.SORTBY(_xlfn._xlws.FILTER('Standings Data'!$B$2:$M$49,'Standings Data'!$A$2:$A$49="C"),_xlfn._xlws.FILTER('Standings Data'!$K$2:$K$49,'Standings Data'!$A$2:$A$49="C"),1),1,11),"")} -> C1 | L17: {=IFERROR(INDEX(_xlfn.SORTBY(_xlfn._xlws.FILTER('Standings Data'!$B$2:$M$49,'Standings Data'!$A$2:$A$49="C"),_xlfn._xlws.FILTER('Standings Data'!$K$2:$K$49,'Standings Data'!$A$2:$A$49="C"),1),1,12),"")} -> Qualified | O17: {=IFERROR(INDEX(_xlfn.SORTBY(_xlfn._xlws.FILTER('Standings Data'!$B$2:$M$49,'Standings Data'!$A$2:$A$49="I"),_xlfn._xlws.FILTER('Standings Data'!$K$2:$K$49,'Standings Data'!$A$2:$A$49="I"),1),1,1),"")} -> France | P17: {=IFERROR(INDEX(_xlfn.SORTBY(_xlfn._xlws.FILTER('Standings Data'!$B$2:$M$49,'Standings Data'!$A$2:$A$49="I"),_xlfn._xlws.FILTER('Standings Data'!$K$2:$K$49,'Standings Data'!$A$2:$A$49="I"),1),1,2),"")} -> 3 | Q17: {=IFERROR(INDEX(_xlfn.SORTBY(_xlfn._xlws.FILTER('Standings Data'!$B$2:$M$49,'Standings Data'!$A$2:$A$49="I"),_xlfn._xlws.FILTER('Standings Data'!$K$2:$K$49,'Standings Data'!$A$2:$A$49="I"),1),1,3),"")} -> 3 | R17: {=IFERROR(INDEX(_xlfn.SORTBY(_xlfn._xlws.FILTER('Standings Data'!$B$2:$M$49,'Standings Data'!$A$2:$A$49="I"),_xlfn._xlws.FILTER('Standings Data'!$K$2:$K$49,'Standings Data'!$A$2:$A$49="I"),1),1,4),"")} -> 0 | S17: {=IFERROR(INDEX(_xlfn.SORTBY(_xlfn._xlws.FILTER('Standings Data'!$B$2:$M$49,'Standings Data'!$A$2:$A$49="I"),_xlfn._xlws.FILTER('Standings Data'!$K$2:$K$49,'Standings Data'!$A$2:$A$49="I"),1),1,5),"")} -> 0 | T17: {=IFERROR(INDEX(_xlfn.SORTBY(_xlfn._xlws.FILTER('Standings Data'!$B$2:$M$49,'Standings Data'!$A$2:$A$49="I"),_xlfn._xlws.FILTER('Standings Data'!$K$2:$K$49,'Standings Data'!$A$2:$A$49="I"),1),1,6),"")} -> 10 | U17: {=IFERROR(INDEX(_xlfn.SORTBY(_xlfn._xlws.FILTER('Standings Data'!$B$2:$M$49,'Standings Data'!$A$2:$A$49="I"),_xlfn._xlws.FILTER('Standings Data'!$K$2:$K$49,'Standings Data'!$A$2:$A$49="I"),1),1,7),"")} -> 2 | V17: {=IFERROR(INDEX(_xlfn.SORTBY(_xlfn._xlws.FILTER('Standings Data'!$B$2:$M$49,'Standings Data'!$A$2:$A$49="I"),_xlfn._xlws.FILTER('Standings Data'!$K$2:$K$49,'Standings Data'!$A$2:$A$49="I"),1),1,8),"")} -> 8 | W17: {=IFERROR(INDEX(_xlfn.SORTBY(_xlfn._xlws.FILTER('Standings Data'!$B$2:$M$49,'Standings Data'!$A$2:$A$49="I"),_xlfn._xlws.FILTER('Standings Data'!$K$2:$K$49,'Standings Data'!$A$2:$A$49="I"),1),1,9),"")} -> 9 | X17: {=IFERROR(INDEX(_xlfn.SORTBY(_xlfn._xlws.FILTER('Standings Data'!$B$2:$M$49,'Standings Data'!$A$2:$A$49="I"),_xlfn._xlws.FILTER('Standings Data'!$K$2:$K$49,'Standings Data'!$A$2:$A$49="I"),1),1,10),"")} -> 1 | Y17: {=IFERROR(INDEX(_xlfn.SORTBY(_xlfn._xlws.FILTER('Standings Data'!$B$2:$M$49,'Standings Data'!$A$2:$A$49="I"),_xlfn._xlws.FILTER('Standings Data'!$K$2:$K$49,'Standings Data'!$A$2:$A$49="I"),1),1,11),"")} -> I1 | Z17: {=IFERROR(INDEX(_xlfn.SORTBY(_xlfn._xlws.FILTER('Standings Data'!$B$2:$M$49,'Standings Data'!$A$2:$A$49="I"),_xlfn._xlws.FILTER('Standings Data'!$K$2:$K$49,'Standings Data'!$A$2:$A$49="I"),1),1,12),"")} -> Qualified
A18: {=IFERROR(INDEX(_xlfn.SORTBY(_xlfn._xlws.FILTER('Standings Data'!$B$2:$M$49,'Standings Data'!$A$2:$A$49="C"),_xlfn._xlws.FILTER('Standings Data'!$K$2:$K$49,'Standings Data'!$A$2:$A$49="C"),1),2,1),"")} -> Morocco | B18: {=IFERROR(INDEX(_xlfn.SORTBY(_xlfn._xlws.FILTER('Standings Data'!$B$2:$M$49,'Standings Data'!$A$2:$A$49="C"),_xlfn._xlws.FILTER('Standings Data'!$K$2:$K$49,'Standings Data'!$A$2:$A$49="C"),1),2,2),"")} -> 3 | C18: {=IFERROR(INDEX(_xlfn.SORTBY(_xlfn._xlws.FILTER('Standings Data'!$B$2:$M$49,'Standings Data'!$A$2:$A$49="C"),_xlfn._xlws.FILTER('Standings Data'!$K$2:$K$49,'Standings Data'!$A$2:$A$49="C"),1),2,3),"")} -> 2 | D18: {=IFERROR(INDEX(_xlfn.SORTBY(_xlfn._xlws.FILTER('Standings Data'!$B$2:$M$49,'Standings Data'!$A$2:$A$49="C"),_xlfn._xlws.FILTER('Standings Data'!$K$2:$K$49,'Standings Data'!$A$2:$A$49="C"),1),2,4),"")} -> 1 | E18: {=IFERROR(INDEX(_xlfn.SORTBY(_xlfn._xlws.FILTER('Standings Data'!$B$2:$M$49,'Standings Data'!$A$2:$A$49="C"),_xlfn._xlws.FILTER('Standings Data'!$K$2:$K$49,'Standings Data'!$A$2:$A$49="C"),1),2,5),"")} -> 0 | F18: {=IFERROR(INDEX(_xlfn.SORTBY(_xlfn._xlws.FILTER('Standings Data'!$B$2:$M$49,'Standings Data'!$A$2:$A$49="C"),_xlfn._xlws.FILTER('Standings Data'!$K$2:$K$49,'Standings Data'!$A$2:$A$49="C"),1),2,6),"")} -> 6 | G18: {=IFERROR(INDEX(_xlfn.SORTBY(_xlfn._xlws.FILTER('Standings Data'!$B$2:$M$49,'Standings Data'!$A$2:$A$49="C"),_xlfn._xlws.FILTER('Standings Data'!$K$2:$K$49,'Standings Data'!$A$2:$A$49="C"),1),2,7),"")} -> 3 | H18: {=IFERROR(INDEX(_xlfn.SORTBY(_xlfn._xlws.FILTER('Standings Data'!$B$2:$M$49,'Standings Data'!$A$2:$A$49="C"),_xlfn._xlws.FILTER('Standings Data'!$K$2:$K$49,'Standings Data'!$A$2:$A$49="C"),1),2,8),"")} -> 3 | I18: {=IFERROR(INDEX(_xlfn.SORTBY(_xlfn._xlws.FILTER('Standings Data'!$B$2:$M$49,'Standings Data'!$A$2:$A$49="C"),_xlfn._xlws.FILTER('Standings Data'!$K$2:$K$49,'Standings Data'!$A$2:$A$49="C"),1),2,9),"")} -> 7 | J18: {=IFERROR(INDEX(_xlfn.SORTBY(_xlfn._xlws.FILTER('Standings Data'!$B$2:$M$49,'Standings Data'!$A$2:$A$49="C"),_xlfn._xlws.FILTER('Standings Data'!$K$2:$K$49,'Standings Data'!$A$2:$A$49="C"),1),2,10),"")} -> 2 | K18: {=IFERROR(INDEX(_xlfn.SORTBY(_xlfn._xlws.FILTER('Standings Data'!$B$2:$M$49,'Standings Data'!$A$2:$A$49="C"),_xlfn._xlws.FILTER('Standings Data'!$K$2:$K$49,'Standings Data'!$A$2:$A$49="C"),1),2,11),"")} -> C2 | L18: {=IFERROR(INDEX(_xlfn.SORTBY(_xlfn._xlws.FILTER('Standings Data'!$B$2:$M$49,'Standings Data'!$A$2:$A$49="C"),_xlfn._xlws.FILTER('Standings Data'!$K$2:$K$49,'Standings Data'!$A$2:$A$49="C"),1),2,12),"")} -> Qualified | O18: {=IFERROR(INDEX(_xlfn.SORTBY(_xlfn._xlws.FILTER('Standings Data'!$B$2:$M$49,'Standings Data'!$A$2:$A$49="I"),_xlfn._xlws.FILTER('Standings Data'!$K$2:$K$49,'Standings Data'!$A$2:$A$49="I"),1),2,1),"")} -> Norway | P18: {=IFERROR(INDEX(_xlfn.SORTBY(_xlfn._xlws.FILTER('Standings Data'!$B$2:$M$49,'Standings Data'!$A$2:$A$49="I"),_xlfn._xlws.FILTER('Standings Data'!$K$2:$K$49,'Standings Data'!$A$2:$A$49="I"),1),2,2),"")} -> 3 | Q18: {=IFERROR(INDEX(_xlfn.SORTBY(_xlfn._xlws.FILTER('Standings Data'!$B$2:$M$49,'Standings Data'!$A$2:$A$49="I"),_xlfn._xlws.FILTER('Standings Data'!$K$2:$K$49,'Standings Data'!$A$2:$A$49="I"),1),2,3),"")} -> 2 | R18: {=IFERROR(INDEX(_xlfn.SORTBY(_xlfn._xlws.FILTER('Standings Data'!$B$2:$M$49,'Standings Data'!$A$2:$A$49="I"),_xlfn._xlws.FILTER('Standings Data'!$K$2:$K$49,'Standings Data'!$A$2:$A$49="I"),1),2,4),"")} -> 0 | S18: {=IFERROR(INDEX(_xlfn.SORTBY(_xlfn._xlws.FILTER('Standings Data'!$B$2:$M$49,'Standings Data'!$A$2:$A$49="I"),_xlfn._xlws.FILTER('Standings Data'!$K$2:$K$49,'Standings Data'!$A$2:$A$49="I"),1),2,5),"")} -> 1 | T18: {=IFERROR(INDEX(_xlfn.SORTBY(_xlfn._xlws.FILTER('Standings Data'!$B$2:$M$49,'Standings Data'!$A$2:$A$49="I"),_xlfn._xlws.FILTER('Standings Data'!$K$2:$K$49,'Standings Data'!$A$2:$A$49="I"),1),2,6),"")} -> 8 | U18: {=IFERROR(INDEX(_xlfn.SORTBY(_xlfn._xlws.FILTER('Standings Data'!$B$2:$M$49,'Standings Data'!$A$2:$A$49="I"),_xlfn._xlws.FILTER('Standings Data'!$K$2:$K$49,'Standings Data'!$A$2:$A$49="I"),1),2,7),"")} -> 7 | V18: {=IFERROR(INDEX(_xlfn.SORTBY(_xlfn._xlws.FILTER('Standings Data'!$B$2:$M$49,'Standings Data'!$A$2:$A$49="I"),_xlfn._xlws.FILTER('Standings Data'!$K$2:$K$49,'Standings Data'!$A$2:$A$49="I"),1),2,8),"")} -> 1 | W18: {=IFERROR(INDEX(_xlfn.SORTBY(_xlfn._xlws.FILTER('Standings Data'!$B$2:$M$49,'Standings Data'!$A$2:$A$49="I"),_xlfn._xlws.FILTER('Standings Data'!$K$2:$K$49,'Standings Data'!$A$2:$A$49="I"),1),2,9),"")} -> 6 | X18: {=IFERROR(INDEX(_xlfn.SORTBY(_xlfn._xlws.FILTER('Standings Data'!$B$2:$M$49,'Standings Data'!$A$2:$A$49="I"),_xlfn._xlws.FILTER('Standings Data'!$K$2:$K$49,'Standings Data'!$A$2:$A$49="I"),1),2,10),"")} -> 2 | Y18: {=IFERROR(INDEX(_xlfn.SORTBY(_xlfn._xlws.FILTER('Standings Data'!$B$2:$M$49,'Standings Data'!$A$2:$A$49="I"),_xlfn._xlws.FILTER('Standings Data'!$K$2:$K$49,'Standings Data'!$A$2:$A$49="I"),1),2,11),"")} -> I2 | Z18: {=IFERROR(INDEX(_xlfn.SORTBY(_xlfn._xlws.FILTER('Standings Data'!$B$2:$M$49,'Standings Data'!$A$2:$A$49="I"),_xlfn._xlws.FILTER('Standings Data'!$K$2:$K$49,'Standings Data'!$A$2:$A$49="I"),1),2,12),"")} -> Qualified
A19: {=IFERROR(INDEX(_xlfn.SORTBY(_xlfn._xlws.FILTER('Standings Data'!$B$2:$M$49,'Standings Data'!$A$2:$A$49="C"),_xlfn._xlws.FILTER('Standings Data'!$K$2:$K$49,'Standings Data'!$A$2:$A$49="C"),1),3,1),"")} -> Scotland | B19: {=IFERROR(INDEX(_xlfn.SORTBY(_xlfn._xlws.FILTER('Standings Data'!$B$2:$M$49,'Standings Data'!$A$2:$A$49="C"),_xlfn._xlws.FILTER('Standings Data'!$K$2:$K$49,'Standings Data'!$A$2:$A$49="C"),1),3,2),"")} -> 3 | C19: {=IFERROR(INDEX(_xlfn.SORTBY(_xlfn._xlws.FILTER('Standings Data'!$B$2:$M$49,'Standings Data'!$A$2:$A$49="C"),_xlfn._xlws.FILTER('Standings Data'!$K$2:$K$49,'Standings Data'!$A$2:$A$49="C"),1),3,3),"")} -> 1 | D19: {=IFERROR(INDEX(_xlfn.SORTBY(_xlfn._xlws.FILTER('Standings Data'!$B$2:$M$49,'Standings Data'!$A$2:$A$49="C"),_xlfn._xlws.FILTER('Standings Data'!$K$2:$K$49,'Standings Data'!$A$2:$A$49="C"),1),3,4),"")} -> 0 | E19: {=IFERROR(INDEX(_xlfn.SORTBY(_xlfn._xlws.FILTER('Standings Data'!$B$2:$M$49,'Standings Data'!$A$2:$A$49="C"),_xlfn._xlws.FILTER('Standings Data'!$K$2:$K$49,'Standings Data'!$A$2:$A$49="C"),1),3,5),"")} -> 2 | F19: {=IFERROR(INDEX(_xlfn.SORTBY(_xlfn._xlws.FILTER('Standings Data'!$B$2:$M$49,'Standings Data'!$A$2:$A$49="C"),_xlfn._xlws.FILTER('Standings Data'!$K$2:$K$49,'Standings Data'!$A$2:$A$49="C"),1),3,6),"")} -> 1 | G19: {=IFERROR(INDEX(_xlfn.SORTBY(_xlfn._xlws.FILTER('Standings Data'!$B$2:$M$49,'Standings Data'!$A$2:$A$49="C"),_xlfn._xlws.FILTER('Standings Data'!$K$2:$K$49,'Standings Data'!$A$2:$A$49="C"),1),3,7),"")} -> 4 | H19: {=IFERROR(INDEX(_xlfn.SORTBY(_xlfn._xlws.FILTER('Standings Data'!$B$2:$M$49,'Standings Data'!$A$2:$A$49="C"),_xlfn._xlws.FILTER('Standings Data'!$K$2:$K$49,'Standings Data'!$A$2:$A$49="C"),1),3,8),"")} -> -3 | I19: {=IFERROR(INDEX(_xlfn.SORTBY(_xlfn._xlws.FILTER('Standings Data'!$B$2:$M$49,'Standings Data'!$A$2:$A$49="C"),_xlfn._xlws.FILTER('Standings Data'!$K$2:$K$49,'Standings Data'!$A$2:$A$49="C"),1),3,9),"")} -> 3 | J19: {=IFERROR(INDEX(_xlfn.SORTBY(_xlfn._xlws.FILTER('Standings Data'!$B$2:$M$49,'Standings Data'!$A$2:$A$49="C"),_xlfn._xlws.FILTER('Standings Data'!$K$2:$K$49,'Standings Data'!$A$2:$A$49="C"),1),3,10),"")} -> 3 | K19: {=IFERROR(INDEX(_xlfn.SORTBY(_xlfn._xlws.FILTER('Standings Data'!$B$2:$M$49,'Standings Data'!$A$2:$A$49="C"),_xlfn._xlws.FILTER('Standings Data'!$K$2:$K$49,'Standings Data'!$A$2:$A$49="C"),1),3,11),"")} -> C3 | L19: {=IFERROR(INDEX(_xlfn.SORTBY(_xlfn._xlws.FILTER('Standings Data'!$B$2:$M$49,'Standings Data'!$A$2:$A$49="C"),_xlfn._xlws.FILTER('Standings Data'!$K$2:$K$49,'Standings Data'!$A$2:$A$49="C"),1),3,12),"")} -> Third-place pool | O19: {=IFERROR(INDEX(_xlfn.SORTBY(_xlfn._xlws.FILTER('Standings Data'!$B$2:$M$49,'Standings Data'!$A$2:$A$49="I"),_xlfn._xlws.FILTER('Standings Data'!$K$2:$K$49,'Standings Data'!$A$2:$A$49="I"),1),3,1),"")} -> Senegal | P19: {=IFERROR(INDEX(_xlfn.SORTBY(_xlfn._xlws.FILTER('Standings Data'!$B$2:$M$49,'Standings Data'!$A$2:$A$49="I"),_xlfn._xlws.FILTER('Standings Data'!$K$2:$K$49,'Standings Data'!$A$2:$A$49="I"),1),3,2),"")} -> 3 | Q19: {=IFERROR(INDEX(_xlfn.SORTBY(_xlfn._xlws.FILTER('Standings Data'!$B$2:$M$49,'Standings Data'!$A$2:$A$49="I"),_xlfn._xlws.FILTER('Standings Data'!$K$2:$K$49,'Standings Data'!$A$2:$A$49="I"),1),3,3),"")} -> 1 | R19: {=IFERROR(INDEX(_xlfn.SORTBY(_xlfn._xlws.FILTER('Standings Data'!$B$2:$M$49,'Standings Data'!$A$2:$A$49="I"),_xlfn._xlws.FILTER('Standings Data'!$K$2:$K$49,'Standings Data'!$A$2:$A$49="I"),1),3,4),"")} -> 0 | S19: {=IFERROR(INDEX(_xlfn.SORTBY(_xlfn._xlws.FILTER('Standings Data'!$B$2:$M$49,'Standings Data'!$A$2:$A$49="I"),_xlfn._xlws.FILTER('Standings Data'!$K$2:$K$49,'Standings Data'!$A$2:$A$49="I"),1),3,5),"")} -> 2 | T19: {=IFERROR(INDEX(_xlfn.SORTBY(_xlfn._xlws.FILTER('Standings Data'!$B$2:$M$49,'Standings Data'!$A$2:$A$49="I"),_xlfn._xlws.FILTER('Standings Data'!$K$2:$K$49,'Standings Data'!$A$2:$A$49="I"),1),3,6),"")} -> 8 | U19: {=IFERROR(INDEX(_xlfn.SORTBY(_xlfn._xlws.FILTER('Standings Data'!$B$2:$M$49,'Standings Data'!$A$2:$A$49="I"),_xlfn._xlws.FILTER('Standings Data'!$K$2:$K$49,'Standings Data'!$A$2:$A$49="I"),1),3,7),"")} -> 6 | V19: {=IFERROR(INDEX(_xlfn.SORTBY(_xlfn._xlws.FILTER('Standings Data'!$B$2:$M$49,'Standings Data'!$A$2:$A$49="I"),_xlfn._xlws.FILTER('Standings Data'!$K$2:$K$49,'Standings Data'!$A$2:$A$49="I"),1),3,8),"")} -> 2 | W19: {=IFERROR(INDEX(_xlfn.SORTBY(_xlfn._xlws.FILTER('Standings Data'!$B$2:$M$49,'Standings Data'!$A$2:$A$49="I"),_xlfn._xlws.FILTER('Standings Data'!$K$2:$K$49,'Standings Data'!$A$2:$A$49="I"),1),3,9),"")} -> 3 | X19: {=IFERROR(INDEX(_xlfn.SORTBY(_xlfn._xlws.FILTER('Standings Data'!$B$2:$M$49,'Standings Data'!$A$2:$A$49="I"),_xlfn._xlws.FILTER('Standings Data'!$K$2:$K$49,'Standings Data'!$A$2:$A$49="I"),1),3,10),"")} -> 3 | Y19: {=IFERROR(INDEX(_xlfn.SORTBY(_xlfn._xlws.FILTER('Standings Data'!$B$2:$M$49,'Standings Data'!$A$2:$A$49="I"),_xlfn._xlws.FILTER('Standings Data'!$K$2:$K$49,'Standings Data'!$A$2:$A$49="I"),1),3,11),"")} -> I3 | Z19: {=IFERROR(INDEX(_xlfn.SORTBY(_xlfn._xlws.FILTER('Standings Data'!$B$2:$M$49,'Standings Data'!$A$2:$A$49="I"),_xlfn._xlws.FILTER('Standings Data'!$K$2:$K$49,'Standings Data'!$A$2:$A$49="I"),1),3,12),"")} -> Third-place pool
A20: {=IFERROR(INDEX(_xlfn.SORTBY(_xlfn._xlws.FILTER('Standings Data'!$B$2:$M$49,'Standings Data'!$A$2:$A$49="C"),_xlfn._xlws.FILTER('Standings Data'!$K$2:$K$49,'Standings Data'!$A$2:$A$49="C"),1),4,1),"")} -> Haiti | B20: {=IFERROR(INDEX(_xlfn.SORTBY(_xlfn._xlws.FILTER('Standings Data'!$B$2:$M$49,'Standings Data'!$A$2:$A$49="C"),_xlfn._xlws.FILTER('Standings Data'!$K$2:$K$49,'Standings Data'!$A$2:$A$49="C"),1),4,2),"")} -> 3 | C20: {=IFERROR(INDEX(_xlfn.SORTBY(_xlfn._xlws.FILTER('Standings Data'!$B$2:$M$49,'Standings Data'!$A$2:$A$49="C"),_xlfn._xlws.FILTER('Standings Data'!$K$2:$K$49,'Standings Data'!$A$2:$A$49="C"),1),4,3),"")} -> 0 | D20: {=IFERROR(INDEX(_xlfn.SORTBY(_xlfn._xlws.FILTER('Standings Data'!$B$2:$M$49,'Standings Data'!$A$2:$A$49="C"),_xlfn._xlws.FILTER('Standings Data'!$K$2:$K$49,'Standings Data'!$A$2:$A$49="C"),1),4,4),"")} -> 0 | E20: {=IFERROR(INDEX(_xlfn.SORTBY(_xlfn._xlws.FILTER('Standings Data'!$B$2:$M$49,'Standings Data'!$A$2:$A$49="C"),_xlfn._xlws.FILTER('Standings Data'!$K$2:$K$49,'Standings Data'!$A$2:$A$49="C"),1),4,5),"")} -> 3 | F20: {=IFERROR(INDEX(_xlfn.SORTBY(_xlfn._xlws.FILTER('Standings Data'!$B$2:$M$49,'Standings Data'!$A$2:$A$49="C"),_xlfn._xlws.FILTER('Standings Data'!$K$2:$K$49,'Standings Data'!$A$2:$A$49="C"),1),4,6),"")} -> 2 | G20: {=IFERROR(INDEX(_xlfn.SORTBY(_xlfn._xlws.FILTER('Standings Data'!$B$2:$M$49,'Standings Data'!$A$2:$A$49="C"),_xlfn._xlws.FILTER('Standings Data'!$K$2:$K$49,'Standings Data'!$A$2:$A$49="C"),1),4,7),"")} -> 8 | H20: {=IFERROR(INDEX(_xlfn.SORTBY(_xlfn._xlws.FILTER('Standings Data'!$B$2:$M$49,'Standings Data'!$A$2:$A$49="C"),_xlfn._xlws.FILTER('Standings Data'!$K$2:$K$49,'Standings Data'!$A$2:$A$49="C"),1),4,8),"")} -> -6 | I20: {=IFERROR(INDEX(_xlfn.SORTBY(_xlfn._xlws.FILTER('Standings Data'!$B$2:$M$49,'Standings Data'!$A$2:$A$49="C"),_xlfn._xlws.FILTER('Standings Data'!$K$2:$K$49,'Standings Data'!$A$2:$A$49="C"),1),4,9),"")} -> 0 | J20: {=IFERROR(INDEX(_xlfn.SORTBY(_xlfn._xlws.FILTER('Standings Data'!$B$2:$M$49,'Standings Data'!$A$2:$A$49="C"),_xlfn._xlws.FILTER('Standings Data'!$K$2:$K$49,'Standings Data'!$A$2:$A$49="C"),1),4,10),"")} -> 4 | K20: {=IFERROR(INDEX(_xlfn.SORTBY(_xlfn._xlws.FILTER('Standings Data'!$B$2:$M$49,'Standings Data'!$A$2:$A$49="C"),_xlfn._xlws.FILTER('Standings Data'!$K$2:$K$49,'Standings Data'!$A$2:$A$49="C"),1),4,11),"")} -> C4 | L20: {=IFERROR(INDEX(_xlfn.SORTBY(_xlfn._xlws.FILTER('Standings Data'!$B$2:$M$49,'Standings Data'!$A$2:$A$49="C"),_xlfn._xlws.FILTER('Standings Data'!$K$2:$K$49,'Standings Data'!$A$2:$A$49="C"),1),4,12),"")} | O20: {=IFERROR(INDEX(_xlfn.SORTBY(_xlfn._xlws.FILTER('Standings Data'!$B$2:$M$49,'Standings Data'!$A$2:$A$49="I"),_xlfn._xlws.FILTER('Standings Data'!$K$2:$K$49,'Standings Data'!$A$2:$A$49="I"),1),4,1),"")} -> Iraq | P20: {=IFERROR(INDEX(_xlfn.SORTBY(_xlfn._xlws.FILTER('Standings Data'!$B$2:$M$49,'Standings Data'!$A$2:$A$49="I"),_xlfn._xlws.FILTER('Standings Data'!$K$2:$K$49,'Standings Data'!$A$2:$A$49="I"),1),4,2),"")} -> 3 | Q20: {=IFERROR(INDEX(_xlfn.SORTBY(_xlfn._xlws.FILTER('Standings Data'!$B$2:$M$49,'Standings Data'!$A$2:$A$49="I"),_xlfn._xlws.FILTER('Standings Data'!$K$2:$K$49,'Standings Data'!$A$2:$A$49="I"),1),4,3),"")} -> 0 | R20: {=IFERROR(INDEX(_xlfn.SORTBY(_xlfn._xlws.FILTER('Standings Data'!$B$2:$M$49,'Standings Data'!$A$2:$A$49="I"),_xlfn._xlws.FILTER('Standings Data'!$K$2:$K$49,'Standings Data'!$A$2:$A$49="I"),1),4,4),"")} -> 0 | S20: {=IFERROR(INDEX(_xlfn.SORTBY(_xlfn._xlws.FILTER('Standings Data'!$B$2:$M$49,'Standings Data'!$A$2:$A$49="I"),_xlfn._xlws.FILTER('Standings Data'!$K$2:$K$49,'Standings Data'!$A$2:$A$49="I"),1),4,5),"")} -> 3 | T20: {=IFERROR(INDEX(_xlfn.SORTBY(_xlfn._xlws.FILTER('Standings Data'!$B$2:$M$49,'Standings Data'!$A$2:$A$49="I"),_xlfn._xlws.FILTER('Standings Data'!$K$2:$K$49,'Standings Data'!$A$2:$A$49="I"),1),4,6),"")} -> 1 | U20: {=IFERROR(INDEX(_xlfn.SORTBY(_xlfn._xlws.FILTER('Standings Data'!$B$2:$M$49,'Standings Data'!$A$2:$A$49="I"),_xlfn._xlws.FILTER('Standings Data'!$K$2:$K$49,'Standings Data'!$A$2:$A$49="I"),1),4,7),"")} -> 12 | V20: {=IFERROR(INDEX(_xlfn.SORTBY(_xlfn._xlws.FILTER('Standings Data'!$B$2:$M$49,'Standings Data'!$A$2:$A$49="I"),_xlfn._xlws.FILTER('Standings Data'!$K$2:$K$49,'Standings Data'!$A$2:$A$49="I"),1),4,8),"")} -> -11 | W20: {=IFERROR(INDEX(_xlfn.SORTBY(_xlfn._xlws.FILTER('Standings Data'!$B$2:$M$49,'Standings Data'!$A$2:$A$49="I"),_xlfn._xlws.FILTER('Standings Data'!$K$2:$K$49,'Standings Data'!$A$2:$A$49="I"),1),4,9),"")} -> 0 | X20: {=IFERROR(INDEX(_xlfn.SORTBY(_xlfn._xlws.FILTER('Standings Data'!$B$2:$M$49,'Standings Data'!$A$2:$A$49="I"),_xlfn._xlws.FILTER('Standings Data'!$K$2:$K$49,'Standings Data'!$A$2:$A$49="I"),1),4,10),"")} -> 4 | Y20: {=IFERROR(INDEX(_xlfn.SORTBY(_xlfn._xlws.FILTER('Standings Data'!$B$2:$M$49,'Standings Data'!$A$2:$A$49="I"),_xlfn._xlws.FILTER('Standings Data'!$K$2:$K$49,'Standings Data'!$A$2:$A$49="I"),1),4,11),"")} -> I4 | Z20: {=IFERROR(INDEX(_xlfn.SORTBY(_xlfn._xlws.FILTER('Standings Data'!$B$2:$M$49,'Standings Data'!$A$2:$A$49="I"),_xlfn._xlws.FILTER('Standings Data'!$K$2:$K$49,'Standings Data'!$A$2:$A$49="I"),1),4,12),"")}
A22: Group D standings | O22: Group J standings
A23: Team | B23: Pld | C23: W | D23: D | E23: L | F23: GF | G23: GA | H23: GD | I23: Pts | J23: Rank | K23: Position | L23: Advance Status | O23: Team | P23: Pld | Q23: W | R23: D | S23: L | T23: GF | U23: GA | V23: GD | W23: Pts | X23: Rank | Y23: Position | Z23: Advance Status
A24: {=IFERROR(INDEX(_xlfn.SORTBY(_xlfn._xlws.FILTER('Standings Data'!$B$2:$M$49,'Standings Data'!$A$2:$A$49="D"),_xlfn._xlws.FILTER('Standings Data'!$K$2:$K$49,'Standings Data'!$A$2:$A$49="D"),1),1,1),"")} -> USA | B24: {=IFERROR(INDEX(_xlfn.SORTBY(_xlfn._xlws.FILTER('Standings Data'!$B$2:$M$49,'Standings Data'!$A$2:$A$49="D"),_xlfn._xlws.FILTER('Standings Data'!$K$2:$K$49,'Standings Data'!$A$2:$A$49="D"),1),1,2),"")} -> 3 | C24: {=IFERROR(INDEX(_xlfn.SORTBY(_xlfn._xlws.FILTER('Standings Data'!$B$2:$M$49,'Standings Data'!$A$2:$A$49="D"),_xlfn._xlws.FILTER('Standings Data'!$K$2:$K$49,'Standings Data'!$A$2:$A$49="D"),1),1,3),"")} -> 2 | D24: {=IFERROR(INDEX(_xlfn.SORTBY(_xlfn._xlws.FILTER('Standings Data'!$B$2:$M$49,'Standings Data'!$A$2:$A$49="D"),_xlfn._xlws.FILTER('Standings Data'!$K$2:$K$49,'Standings Data'!$A$2:$A$49="D"),1),1,4),"")} -> 0 | E24: {=IFERROR(INDEX(_xlfn.SORTBY(_xlfn._xlws.FILTER('Standings Data'!$B$2:$M$49,'Standings Data'!$A$2:$A$49="D"),_xlfn._xlws.FILTER('Standings Data'!$K$2:$K$49,'Standings Data'!$A$2:$A$49="D"),1),1,5),"")} -> 1 | F24: {=IFERROR(INDEX(_xlfn.SORTBY(_xlfn._xlws.FILTER('Standings Data'!$B$2:$M$49,'Standings Data'!$A$2:$A$49="D"),_xlfn._xlws.FILTER('Standings Data'!$K$2:$K$49,'Standings Data'!$A$2:$A$49="D"),1),1,6),"")} -> 8 | G24: {=IFERROR(INDEX(_xlfn.SORTBY(_xlfn._xlws.FILTER('Standings Data'!$B$2:$M$49,'Standings Data'!$A$2:$A$49="D"),_xlfn._xlws.FILTER('Standings Data'!$K$2:$K$49,'Standings Data'!$A$2:$A$49="D"),1),1,7),"")} -> 4 | H24: {=IFERROR(INDEX(_xlfn.SORTBY(_xlfn._xlws.FILTER('Standings Data'!$B$2:$M$49,'Standings Data'!$A$2:$A$49="D"),_xlfn._xlws.FILTER('Standings Data'!$K$2:$K$49,'Standings Data'!$A$2:$A$49="D"),1),1,8),"")} -> 4 | I24: {=IFERROR(INDEX(_xlfn.SORTBY(_xlfn._xlws.FILTER('Standings Data'!$B$2:$M$49,'Standings Data'!$A$2:$A$49="D"),_xlfn._xlws.FILTER('Standings Data'!$K$2:$K$49,'Standings Data'!$A$2:$A$49="D"),1),1,9),"")} -> 6 | J24: {=IFERROR(INDEX(_xlfn.SORTBY(_xlfn._xlws.FILTER('Standings Data'!$B$2:$M$49,'Standings Data'!$A$2:$A$49="D"),_xlfn._xlws.FILTER('Standings Data'!$K$2:$K$49,'Standings Data'!$A$2:$A$49="D"),1),1,10),"")} -> 1 | K24: {=IFERROR(INDEX(_xlfn.SORTBY(_xlfn._xlws.FILTER('Standings Data'!$B$2:$M$49,'Standings Data'!$A$2:$A$49="D"),_xlfn._xlws.FILTER('Standings Data'!$K$2:$K$49,'Standings Data'!$A$2:$A$49="D"),1),1,11),"")} -> D1 | L24: {=IFERROR(INDEX(_xlfn.SORTBY(_xlfn._xlws.FILTER('Standings Data'!$B$2:$M$49,'Standings Data'!$A$2:$A$49="D"),_xlfn._xlws.FILTER('Standings Data'!$K$2:$K$49,'Standings Data'!$A$2:$A$49="D"),1),1,12),"")} -> Qualified | O24: {=IFERROR(INDEX(_xlfn.SORTBY(_xlfn._xlws.FILTER('Standings Data'!$B$2:$M$49,'Standings Data'!$A$2:$A$49="J"),_xlfn._xlws.FILTER('Standings Data'!$K$2:$K$49,'Standings Data'!$A$2:$A$49="J"),1),1,1),"")} -> Argentina | P24: {=IFERROR(INDEX(_xlfn.SORTBY(_xlfn._xlws.FILTER('Standings Data'!$B$2:$M$49,'Standings Data'!$A$2:$A$49="J"),_xlfn._xlws.FILTER('Standings Data'!$K$2:$K$49,'Standings Data'!$A$2:$A$49="J"),1),1,2),"")} -> 3 | Q24: {=IFERROR(INDEX(_xlfn.SORTBY(_xlfn._xlws.FILTER('Standings Data'!$B$2:$M$49,'Standings Data'!$A$2:$A$49="J"),_xlfn._xlws.FILTER('Standings Data'!$K$2:$K$49,'Standings Data'!$A$2:$A$49="J"),1),1,3),"")} -> 3 | R24: {=IFERROR(INDEX(_xlfn.SORTBY(_xlfn._xlws.FILTER('Standings Data'!$B$2:$M$49,'Standings Data'!$A$2:$A$49="J"),_xlfn._xlws.FILTER('Standings Data'!$K$2:$K$49,'Standings Data'!$A$2:$A$49="J"),1),1,4),"")} -> 0 | S24: {=IFERROR(INDEX(_xlfn.SORTBY(_xlfn._xlws.FILTER('Standings Data'!$B$2:$M$49,'Standings Data'!$A$2:$A$49="J"),_xlfn._xlws.FILTER('Standings Data'!$K$2:$K$49,'Standings Data'!$A$2:$A$49="J"),1),1,5),"")} -> 0 | T24: {=IFERROR(INDEX(_xlfn.SORTBY(_xlfn._xlws.FILTER('Standings Data'!$B$2:$M$49,'Standings Data'!$A$2:$A$49="J"),_xlfn._xlws.FILTER('Standings Data'!$K$2:$K$49,'Standings Data'!$A$2:$A$49="J"),1),1,6),"")} -> 8 | U24: {=IFERROR(INDEX(_xlfn.SORTBY(_xlfn._xlws.FILTER('Standings Data'!$B$2:$M$49,'Standings Data'!$A$2:$A$49="J"),_xlfn._xlws.FILTER('Standings Data'!$K$2:$K$49,'Standings Data'!$A$2:$A$49="J"),1),1,7),"")} -> 1 | V24: {=IFERROR(INDEX(_xlfn.SORTBY(_xlfn._xlws.FILTER('Standings Data'!$B$2:$M$49,'Standings Data'!$A$2:$A$49="J"),_xlfn._xlws.FILTER('Standings Data'!$K$2:$K$49,'Standings Data'!$A$2:$A$49="J"),1),1,8),"")} -> 7 | W24: {=IFERROR(INDEX(_xlfn.SORTBY(_xlfn._xlws.FILTER('Standings Data'!$B$2:$M$49,'Standings Data'!$A$2:$A$49="J"),_xlfn._xlws.FILTER('Standings Data'!$K$2:$K$49,'Standings Data'!$A$2:$A$49="J"),1),1,9),"")} -> 9 | X24: {=IFERROR(INDEX(_xlfn.SORTBY(_xlfn._xlws.FILTER('Standings Data'!$B$2:$M$49,'Standings Data'!$A$2:$A$49="J"),_xlfn._xlws.FILTER('Standings Data'!$K$2:$K$49,'Standings Data'!$A$2:$A$49="J"),1),1,10),"")} -> 1 | Y24: {=IFERROR(INDEX(_xlfn.SORTBY(_xlfn._xlws.FILTER('Standings Data'!$B$2:$M$49,'Standings Data'!$A$2:$A$49="J"),_xlfn._xlws.FILTER('Standings Data'!$K$2:$K$49,'Standings Data'!$A$2:$A$49="J"),1),1,11),"")} -> J1 | Z24: {=IFERROR(INDEX(_xlfn.SORTBY(_xlfn._xlws.FILTER('Standings Data'!$B$2:$M$49,'Standings Data'!$A$2:$A$49="J"),_xlfn._xlws.FILTER('Standings Data'!$K$2:$K$49,'Standings Data'!$A$2:$A$49="J"),1),1,12),"")} -> Qualified
A25: {=IFERROR(INDEX(_xlfn.SORTBY(_xlfn._xlws.FILTER('Standings Data'!$B$2:$M$49,'Standings Data'!$A$2:$A$49="D"),_xlfn._xlws.FILTER('Standings Data'!$K$2:$K$49,'Standings Data'!$A$2:$A$49="D"),1),2,1),"")} -> Australia | B25: {=IFERROR(INDEX(_xlfn.SORTBY(_xlfn._xlws.FILTER('Standings Data'!$B$2:$M$49,'Standings Data'!$A$2:$A$49="D"),_xlfn._xlws.FILTER('Standings Data'!$K$2:$K$49,'Standings Data'!$A$2:$A$49="D"),1),2,2),"")} -> 3 | C25: {=IFERROR(INDEX(_xlfn.SORTBY(_xlfn._xlws.FILTER('Standings Data'!$B$2:$M$49,'Standings Data'!$A$2:$A$49="D"),_xlfn._xlws.FILTER('Standings Data'!$K$2:$K$49,'Standings Data'!$A$2:$A$49="D"),1),2,3),"")} -> 1 | D25: {=IFERROR(INDEX(_xlfn.SORTBY(_xlfn._xlws.FILTER('Standings Data'!$B$2:$M$49,'Standings Data'!$A$2:$A$49="D"),_xlfn._xlws.FILTER('Standings Data'!$K$2:$K$49,'Standings Data'!$A$2:$A$49="D"),1),2,4),"")} -> 1 | E25: {=IFERROR(INDEX(_xlfn.SORTBY(_xlfn._xlws.FILTER('Standings Data'!$B$2:$M$49,'Standings Data'!$A$2:$A$49="D"),_xlfn._xlws.FILTER('Standings Data'!$K$2:$K$49,'Standings Data'!$A$2:$A$49="D"),1),2,5),"")} -> 1 | F25: {=IFERROR(INDEX(_xlfn.SORTBY(_xlfn._xlws.FILTER('Standings Data'!$B$2:$M$49,'Standings Data'!$A$2:$A$49="D"),_xlfn._xlws.FILTER('Standings Data'!$K$2:$K$49,'Standings Data'!$A$2:$A$49="D"),1),2,6),"")} -> 2 | G25: {=IFERROR(INDEX(_xlfn.SORTBY(_xlfn._xlws.FILTER('Standings Data'!$B$2:$M$49,'Standings Data'!$A$2:$A$49="D"),_xlfn._xlws.FILTER('Standings Data'!$K$2:$K$49,'Standings Data'!$A$2:$A$49="D"),1),2,7),"")} -> 2 | H25: {=IFERROR(INDEX(_xlfn.SORTBY(_xlfn._xlws.FILTER('Standings Data'!$B$2:$M$49,'Standings Data'!$A$2:$A$49="D"),_xlfn._xlws.FILTER('Standings Data'!$K$2:$K$49,'Standings Data'!$A$2:$A$49="D"),1),2,8),"")} -> 0 | I25: {=IFERROR(INDEX(_xlfn.SORTBY(_xlfn._xlws.FILTER('Standings Data'!$B$2:$M$49,'Standings Data'!$A$2:$A$49="D"),_xlfn._xlws.FILTER('Standings Data'!$K$2:$K$49,'Standings Data'!$A$2:$A$49="D"),1),2,9),"")} -> 4 | J25: {=IFERROR(INDEX(_xlfn.SORTBY(_xlfn._xlws.FILTER('Standings Data'!$B$2:$M$49,'Standings Data'!$A$2:$A$49="D"),_xlfn._xlws.FILTER('Standings Data'!$K$2:$K$49,'Standings Data'!$A$2:$A$49="D"),1),2,10),"")} -> 2 | K25: {=IFERROR(INDEX(_xlfn.SORTBY(_xlfn._xlws.FILTER('Standings Data'!$B$2:$M$49,'Standings Data'!$A$2:$A$49="D"),_xlfn._xlws.FILTER('Standings Data'!$K$2:$K$49,'Standings Data'!$A$2:$A$49="D"),1),2,11),"")} -> D2 | L25: {=IFERROR(INDEX(_xlfn.SORTBY(_xlfn._xlws.FILTER('Standings Data'!$B$2:$M$49,'Standings Data'!$A$2:$A$49="D"),_xlfn._xlws.FILTER('Standings Data'!$K$2:$K$49,'Standings Data'!$A$2:$A$49="D"),1),2,12),"")} -> Qualified | O25: {=IFERROR(INDEX(_xlfn.SORTBY(_xlfn._xlws.FILTER('Standings Data'!$B$2:$M$49,'Standings Data'!$A$2:$A$49="J"),_xlfn._xlws.FILTER('Standings Data'!$K$2:$K$49,'Standings Data'!$A$2:$A$49="J"),1),2,1),"")} -> Austria | P25: {=IFERROR(INDEX(_xlfn.SORTBY(_xlfn._xlws.FILTER('Standings Data'!$B$2:$M$49,'Standings Data'!$A$2:$A$49="J"),_xlfn._xlws.FILTER('Standings Data'!$K$2:$K$49,'Standings Data'!$A$2:$A$49="J"),1),2,2),"")} -> 3 | Q25: {=IFERROR(INDEX(_xlfn.SORTBY(_xlfn._xlws.FILTER('Standings Data'!$B$2:$M$49,'Standings Data'!$A$2:$A$49="J"),_xlfn._xlws.FILTER('Standings Data'!$K$2:$K$49,'Standings Data'!$A$2:$A$49="J"),1),2,3),"")} -> 1 | R25: {=IFERROR(INDEX(_xlfn.SORTBY(_xlfn._xlws.FILTER('Standings Data'!$B$2:$M$49,'Standings Data'!$A$2:$A$49="J"),_xlfn._xlws.FILTER('Standings Data'!$K$2:$K$49,'Standings Data'!$A$2:$A$49="J"),1),2,4),"")} -> 1 | S25: {=IFERROR(INDEX(_xlfn.SORTBY(_xlfn._xlws.FILTER('Standings Data'!$B$2:$M$49,'Standings Data'!$A$2:$A$49="J"),_xlfn._xlws.FILTER('Standings Data'!$K$2:$K$49,'Standings Data'!$A$2:$A$49="J"),1),2,5),"")} -> 1 | T25: {=IFERROR(INDEX(_xlfn.SORTBY(_xlfn._xlws.FILTER('Standings Data'!$B$2:$M$49,'Standings Data'!$A$2:$A$49="J"),_xlfn._xlws.FILTER('Standings Data'!$K$2:$K$49,'Standings Data'!$A$2:$A$49="J"),1),2,6),"")} -> 6 | U25: {=IFERROR(INDEX(_xlfn.SORTBY(_xlfn._xlws.FILTER('Standings Data'!$B$2:$M$49,'Standings Data'!$A$2:$A$49="J"),_xlfn._xlws.FILTER('Standings Data'!$K$2:$K$49,'Standings Data'!$A$2:$A$49="J"),1),2,7),"")} -> 6 | V25: {=IFERROR(INDEX(_xlfn.SORTBY(_xlfn._xlws.FILTER('Standings Data'!$B$2:$M$49,'Standings Data'!$A$2:$A$49="J"),_xlfn._xlws.FILTER('Standings Data'!$K$2:$K$49,'Standings Data'!$A$2:$A$49="J"),1),2,8),"")} -> 0 | W25: {=IFERROR(INDEX(_xlfn.SORTBY(_xlfn._xlws.FILTER('Standings Data'!$B$2:$M$49,'Standings Data'!$A$2:$A$49="J"),_xlfn._xlws.FILTER('Standings Data'!$K$2:$K$49,'Standings Data'!$A$2:$A$49="J"),1),2,9),"")} -> 4 | X25: {=IFERROR(INDEX(_xlfn.SORTBY(_xlfn._xlws.FILTER('Standings Data'!$B$2:$M$49,'Standings Data'!$A$2:$A$49="J"),_xlfn._xlws.FILTER('Standings Data'!$K$2:$K$49,'Standings Data'!$A$2:$A$49="J"),1),2,10),"")} -> 2 | Y25: {=IFERROR(INDEX(_xlfn.SORTBY(_xlfn._xlws.FILTER('Standings Data'!$B$2:$M$49,'Standings Data'!$A$2:$A$49="J"),_xlfn._xlws.FILTER('Standings Data'!$K$2:$K$49,'Standings Data'!$A$2:$A$49="J"),1),2,11),"")} -> J2 | Z25: {=IFERROR(INDEX(_xlfn.SORTBY(_xlfn._xlws.FILTER('Standings Data'!$B$2:$M$49,'Standings Data'!$A$2:$A$49="J"),_xlfn._xlws.FILTER('Standings Data'!$K$2:$K$49,'Standings Data'!$A$2:$A$49="J"),1),2,12),"")} -> Qualified
A26: {=IFERROR(INDEX(_xlfn.SORTBY(_xlfn._xlws.FILTER('Standings Data'!$B$2:$M$49,'Standings Data'!$A$2:$A$49="D"),_xlfn._xlws.FILTER('Standings Data'!$K$2:$K$49,'Standings Data'!$A$2:$A$49="D"),1),3,1),"")} -> Paraguay | B26: {=IFERROR(INDEX(_xlfn.SORTBY(_xlfn._xlws.FILTER('Standings Data'!$B$2:$M$49,'Standings Data'!$A$2:$A$49="D"),_xlfn._xlws.FILTER('Standings Data'!$K$2:$K$49,'Standings Data'!$A$2:$A$49="D"),1),3,2),"")} -> 3 | C26: {=IFERROR(INDEX(_xlfn.SORTBY(_xlfn._xlws.FILTER('Standings Data'!$B$2:$M$49,'Standings Data'!$A$2:$A$49="D"),_xlfn._xlws.FILTER('Standings Data'!$K$2:$K$49,'Standings Data'!$A$2:$A$49="D"),1),3,3),"")} -> 1 | D26: {=IFERROR(INDEX(_xlfn.SORTBY(_xlfn._xlws.FILTER('Standings Data'!$B$2:$M$49,'Standings Data'!$A$2:$A$49="D"),_xlfn._xlws.FILTER('Standings Data'!$K$2:$K$49,'Standings Data'!$A$2:$A$49="D"),1),3,4),"")} -> 1 | E26: {=IFERROR(INDEX(_xlfn.SORTBY(_xlfn._xlws.FILTER('Standings Data'!$B$2:$M$49,'Standings Data'!$A$2:$A$49="D"),_xlfn._xlws.FILTER('Standings Data'!$K$2:$K$49,'Standings Data'!$A$2:$A$49="D"),1),3,5),"")} -> 1 | F26: {=IFERROR(INDEX(_xlfn.SORTBY(_xlfn._xlws.FILTER('Standings Data'!$B$2:$M$49,'Standings Data'!$A$2:$A$49="D"),_xlfn._xlws.FILTER('Standings Data'!$K$2:$K$49,'Standings Data'!$A$2:$A$49="D"),1),3,6),"")} -> 2 | G26: {=IFERROR(INDEX(_xlfn.SORTBY(_xlfn._xlws.FILTER('Standings Data'!$B$2:$M$49,'Standings Data'!$A$2:$A$49="D"),_xlfn._xlws.FILTER('Standings Data'!$K$2:$K$49,'Standings Data'!$A$2:$A$49="D"),1),3,7),"")} -> 4 | H26: {=IFERROR(INDEX(_xlfn.SORTBY(_xlfn._xlws.FILTER('Standings Data'!$B$2:$M$49,'Standings Data'!$A$2:$A$49="D"),_xlfn._xlws.FILTER('Standings Data'!$K$2:$K$49,'Standings Data'!$A$2:$A$49="D"),1),3,8),"")} -> -2 | I26: {=IFERROR(INDEX(_xlfn.SORTBY(_xlfn._xlws.FILTER('Standings Data'!$B$2:$M$49,'Standings Data'!$A$2:$A$49="D"),_xlfn._xlws.FILTER('Standings Data'!$K$2:$K$49,'Standings Data'!$A$2:$A$49="D"),1),3,9),"")} -> 4 | J26: {=IFERROR(INDEX(_xlfn.SORTBY(_xlfn._xlws.FILTER('Standings Data'!$B$2:$M$49,'Standings Data'!$A$2:$A$49="D"),_xlfn._xlws.FILTER('Standings Data'!$K$2:$K$49,'Standings Data'!$A$2:$A$49="D"),1),3,10),"")} -> 3 | K26: {=IFERROR(INDEX(_xlfn.SORTBY(_xlfn._xlws.FILTER('Standings Data'!$B$2:$M$49,'Standings Data'!$A$2:$A$49="D"),_xlfn._xlws.FILTER('Standings Data'!$K$2:$K$49,'Standings Data'!$A$2:$A$49="D"),1),3,11),"")} -> D3 | L26: {=IFERROR(INDEX(_xlfn.SORTBY(_xlfn._xlws.FILTER('Standings Data'!$B$2:$M$49,'Standings Data'!$A$2:$A$49="D"),_xlfn._xlws.FILTER('Standings Data'!$K$2:$K$49,'Standings Data'!$A$2:$A$49="D"),1),3,12),"")} -> Third-place pool | O26: {=IFERROR(INDEX(_xlfn.SORTBY(_xlfn._xlws.FILTER('Standings Data'!$B$2:$M$49,'Standings Data'!$A$2:$A$49="J"),_xlfn._xlws.FILTER('Standings Data'!$K$2:$K$49,'Standings Data'!$A$2:$A$49="J"),1),3,1),"")} -> Algeria | P26: {=IFERROR(INDEX(_xlfn.SORTBY(_xlfn._xlws.FILTER('Standings Data'!$B$2:$M$49,'Standings Data'!$A$2:$A$49="J"),_xlfn._xlws.FILTER('Standings Data'!$K$2:$K$49,'Standings Data'!$A$2:$A$49="J"),1),3,2),"")} -> 3 | Q26: {=IFERROR(INDEX(_xlfn.SORTBY(_xlfn._xlws.FILTER('Standings Data'!$B$2:$M$49,'Standings Data'!$A$2:$A$49="J"),_xlfn._xlws.FILTER('Standings Data'!$K$2:$K$49,'Standings Data'!$A$2:$A$49="J"),1),3,3),"")} -> 1 | R26: {=IFERROR(INDEX(_xlfn.SORTBY(_xlfn._xlws.FILTER('Standings Data'!$B$2:$M$49,'Standings Data'!$A$2:$A$49="J"),_xlfn._xlws.FILTER('Standings Data'!$K$2:$K$49,'Standings Data'!$A$2:$A$49="J"),1),3,4),"")} -> 1 | S26: {=IFERROR(INDEX(_xlfn.SORTBY(_xlfn._xlws.FILTER('Standings Data'!$B$2:$M$49,'Standings Data'!$A$2:$A$49="J"),_xlfn._xlws.FILTER('Standings Data'!$K$2:$K$49,'Standings Data'!$A$2:$A$49="J"),1),3,5),"")} -> 1 | T26: {=IFERROR(INDEX(_xlfn.SORTBY(_xlfn._xlws.FILTER('Standings Data'!$B$2:$M$49,'Standings Data'!$A$2:$A$49="J"),_xlfn._xlws.FILTER('Standings Data'!$K$2:$K$49,'Standings Data'!$A$2:$A$49="J"),1),3,6),"")} -> 5 | U26: {=IFERROR(INDEX(_xlfn.SORTBY(_xlfn._xlws.FILTER('Standings Data'!$B$2:$M$49,'Standings Data'!$A$2:$A$49="J"),_xlfn._xlws.FILTER('Standings Data'!$K$2:$K$49,'Standings Data'!$A$2:$A$49="J"),1),3,7),"")} -> 7 | V26: {=IFERROR(INDEX(_xlfn.SORTBY(_xlfn._xlws.FILTER('Standings Data'!$B$2:$M$49,'Standings Data'!$A$2:$A$49="J"),_xlfn._xlws.FILTER('Standings Data'!$K$2:$K$49,'Standings Data'!$A$2:$A$49="J"),1),3,8),"")} -> -2 | W26: {=IFERROR(INDEX(_xlfn.SORTBY(_xlfn._xlws.FILTER('Standings Data'!$B$2:$M$49,'Standings Data'!$A$2:$A$49="J"),_xlfn._xlws.FILTER('Standings Data'!$K$2:$K$49,'Standings Data'!$A$2:$A$49="J"),1),3,9),"")} -> 4 | X26: {=IFERROR(INDEX(_xlfn.SORTBY(_xlfn._xlws.FILTER('Standings Data'!$B$2:$M$49,'Standings Data'!$A$2:$A$49="J"),_xlfn._xlws.FILTER('Standings Data'!$K$2:$K$49,'Standings Data'!$A$2:$A$49="J"),1),3,10),"")} -> 3 | Y26: {=IFERROR(INDEX(_xlfn.SORTBY(_xlfn._xlws.FILTER('Standings Data'!$B$2:$M$49,'Standings Data'!$A$2:$A$49="J"),_xlfn._xlws.FILTER('Standings Data'!$K$2:$K$49,'Standings Data'!$A$2:$A$49="J"),1),3,11),"")} -> J3 | Z26: {=IFERROR(INDEX(_xlfn.SORTBY(_xlfn._xlws.FILTER('Standings Data'!$B$2:$M$49,'Standings Data'!$A$2:$A$49="J"),_xlfn._xlws.FILTER('Standings Data'!$K$2:$K$49,'Standings Data'!$A$2:$A$49="J"),1),3,12),"")} -> Third-place pool
A27: {=IFERROR(INDEX(_xlfn.SORTBY(_xlfn._xlws.FILTER('Standings Data'!$B$2:$M$49,'Standings Data'!$A$2:$A$49="D"),_xlfn._xlws.FILTER('Standings Data'!$K$2:$K$49,'Standings Data'!$A$2:$A$49="D"),1),4,1),"")} -> Türkiye | B27: {=IFERROR(INDEX(_xlfn.SORTBY(_xlfn._xlws.FILTER('Standings Data'!$B$2:$M$49,'Standings Data'!$A$2:$A$49="D"),_xlfn._xlws.FILTER('Standings Data'!$K$2:$K$49,'Standings Data'!$A$2:$A$49="D"),1),4,2),"")} -> 3 | C27: {=IFERROR(INDEX(_xlfn.SORTBY(_xlfn._xlws.FILTER('Standings Data'!$B$2:$M$49,'Standings Data'!$A$2:$A$49="D"),_xlfn._xlws.FILTER('Standings Data'!$K$2:$K$49,'Standings Data'!$A$2:$A$49="D"),1),4,3),"")} -> 1 | D27: {=IFERROR(INDEX(_xlfn.SORTBY(_xlfn._xlws.FILTER('Standings Data'!$B$2:$M$49,'Standings Data'!$A$2:$A$49="D"),_xlfn._xlws.FILTER('Standings Data'!$K$2:$K$49,'Standings Data'!$A$2:$A$49="D"),1),4,4),"")} -> 0 | E27: {=IFERROR(INDEX(_xlfn.SORTBY(_xlfn._xlws.FILTER('Standings Data'!$B$2:$M$49,'Standings Data'!$A$2:$A$49="D"),_xlfn._xlws.FILTER('Standings Data'!$K$2:$K$49,'Standings Data'!$A$2:$A$49="D"),1),4,5),"")} -> 2 | F27: {=IFERROR(INDEX(_xlfn.SORTBY(_xlfn._xlws.FILTER('Standings Data'!$B$2:$M$49,'Standings Data'!$A$2:$A$49="D"),_xlfn._xlws.FILTER('Standings Data'!$K$2:$K$49,'Standings Data'!$A$2:$A$49="D"),1),4,6),"")} -> 3 | G27: {=IFERROR(INDEX(_xlfn.SORTBY(_xlfn._xlws.FILTER('Standings Data'!$B$2:$M$49,'Standings Data'!$A$2:$A$49="D"),_xlfn._xlws.FILTER('Standings Data'!$K$2:$K$49,'Standings Data'!$A$2:$A$49="D"),1),4,7),"")} -> 5 | H27: {=IFERROR(INDEX(_xlfn.SORTBY(_xlfn._xlws.FILTER('Standings Data'!$B$2:$M$49,'Standings Data'!$A$2:$A$49="D"),_xlfn._xlws.FILTER('Standings Data'!$K$2:$K$49,'Standings Data'!$A$2:$A$49="D"),1),4,8),"")} -> -2 | I27: {=IFERROR(INDEX(_xlfn.SORTBY(_xlfn._xlws.FILTER('Standings Data'!$B$2:$M$49,'Standings Data'!$A$2:$A$49="D"),_xlfn._xlws.FILTER('Standings Data'!$K$2:$K$49,'Standings Data'!$A$2:$A$49="D"),1),4,9),"")} -> 3 | J27: {=IFERROR(INDEX(_xlfn.SORTBY(_xlfn._xlws.FILTER('Standings Data'!$B$2:$M$49,'Standings Data'!$A$2:$A$49="D"),_xlfn._xlws.FILTER('Standings Data'!$K$2:$K$49,'Standings Data'!$A$2:$A$49="D"),1),4,10),"")} -> 4 | K27: {=IFERROR(INDEX(_xlfn.SORTBY(_xlfn._xlws.FILTER('Standings Data'!$B$2:$M$49,'Standings Data'!$A$2:$A$49="D"),_xlfn._xlws.FILTER('Standings Data'!$K$2:$K$49,'Standings Data'!$A$2:$A$49="D"),1),4,11),"")} -> D4 | L27: {=IFERROR(INDEX(_xlfn.SORTBY(_xlfn._xlws.FILTER('Standings Data'!$B$2:$M$49,'Standings Data'!$A$2:$A$49="D"),_xlfn._xlws.FILTER('Standings Data'!$K$2:$K$49,'Standings Data'!$A$2:$A$49="D"),1),4,12),"")} | O27: {=IFERROR(INDEX(_xlfn.SORTBY(_xlfn._xlws.FILTER('Standings Data'!$B$2:$M$49,'Standings Data'!$A$2:$A$49="J"),_xlfn._xlws.FILTER('Standings Data'!$K$2:$K$49,'Standings Data'!$A$2:$A$49="J"),1),4,1),"")} -> Jordan | P27: {=IFERROR(INDEX(_xlfn.SORTBY(_xlfn._xlws.FILTER('Standings Data'!$B$2:$M$49,'Standings Data'!$A$2:$A$49="J"),_xlfn._xlws.FILTER('Standings Data'!$K$2:$K$49,'Standings Data'!$A$2:$A$49="J"),1),4,2),"")} -> 3 | Q27: {=IFERROR(INDEX(_xlfn.SORTBY(_xlfn._xlws.FILTER('Standings Data'!$B$2:$M$49,'Standings Data'!$A$2:$A$49="J"),_xlfn._xlws.FILTER('Standings Data'!$K$2:$K$49,'Standings Data'!$A$2:$A$49="J"),1),4,3),"")} -> 0 | R27: {=IFERROR(INDEX(_xlfn.SORTBY(_xlfn._xlws.FILTER('Standings Data'!$B$2:$M$49,'Standings Data'!$A$2:$A$49="J"),_xlfn._xlws.FILTER('Standings Data'!$K$2:$K$49,'Standings Data'!$A$2:$A$49="J"),1),4,4),"")} -> 0 | S27: {=IFERROR(INDEX(_xlfn.SORTBY(_xlfn._xlws.FILTER('Standings Data'!$B$2:$M$49,'Standings Data'!$A$2:$A$49="J"),_xlfn._xlws.FILTER('Standings Data'!$K$2:$K$49,'Standings Data'!$A$2:$A$49="J"),1),4,5),"")} -> 3 | T27: {=IFERROR(INDEX(_xlfn.SORTBY(_xlfn._xlws.FILTER('Standings Data'!$B$2:$M$49,'Standings Data'!$A$2:$A$49="J"),_xlfn._xlws.FILTER('Standings Data'!$K$2:$K$49,'Standings Data'!$A$2:$A$49="J"),1),4,6),"")} -> 3 | U27: {=IFERROR(INDEX(_xlfn.SORTBY(_xlfn._xlws.FILTER('Standings Data'!$B$2:$M$49,'Standings Data'!$A$2:$A$49="J"),_xlfn._xlws.FILTER('Standings Data'!$K$2:$K$49,'Standings Data'!$A$2:$A$49="J"),1),4,7),"")} -> 8 | V27: {=IFERROR(INDEX(_xlfn.SORTBY(_xlfn._xlws.FILTER('Standings Data'!$B$2:$M$49,'Standings Data'!$A$2:$A$49="J"),_xlfn._xlws.FILTER('Standings Data'!$K$2:$K$49,'Standings Data'!$A$2:$A$49="J"),1),4,8),"")} -> -5 | W27: {=IFERROR(INDEX(_xlfn.SORTBY(_xlfn._xlws.FILTER('Standings Data'!$B$2:$M$49,'Standings Data'!$A$2:$A$49="J"),_xlfn._xlws.FILTER('Standings Data'!$K$2:$K$49,'Standings Data'!$A$2:$A$49="J"),1),4,9),"")} -> 0 | X27: {=IFERROR(INDEX(_xlfn.SORTBY(_xlfn._xlws.FILTER('Standings Data'!$B$2:$M$49,'Standings Data'!$A$2:$A$49="J"),_xlfn._xlws.FILTER('Standings Data'!$K$2:$K$49,'Standings Data'!$A$2:$A$49="J"),1),4,10),"")} -> 4 | Y27: {=IFERROR(INDEX(_xlfn.SORTBY(_xlfn._xlws.FILTER('Standings Data'!$B$2:$M$49,'Standings Data'!$A$2:$A$49="J"),_xlfn._xlws.FILTER('Standings Data'!$K$2:$K$49,'Standings Data'!$A$2:$A$49="J"),1),4,11),"")} -> J4 | Z27: {=IFERROR(INDEX(_xlfn.SORTBY(_xlfn._xlws.FILTER('Standings Data'!$B$2:$M$49,'Standings Data'!$A$2:$A$49="J"),_xlfn._xlws.FILTER('Standings Data'!$K$2:$K$49,'Standings Data'!$A$2:$A$49="J"),1),4,12),"")}
A29: Group E standings | O29: Group K standings
A30: Team | B30: Pld | C30: W | D30: D | E30: L | F30: GF | G30: GA | H30: GD | I30: Pts | J30: Rank | K30: Position | L30: Advance Status | O30: Team | P30: Pld | Q30: W | R30: D | S30: L | T30: GF | U30: GA | V30: GD | W30: Pts | X30: Rank | Y30: Position | Z30: Advance Status
A31: {=IFERROR(INDEX(_xlfn.SORTBY(_xlfn._xlws.FILTER('Standings Data'!$B$2:$M$49,'Standings Data'!$A$2:$A$49="E"),_xlfn._xlws.FILTER('Standings Data'!$K$2:$K$49,'Standings Data'!$A$2:$A$49="E"),1),1,1),"")} -> Germany | B31: {=IFERROR(INDEX(_xlfn.SORTBY(_xlfn._xlws.FILTER('Standings Data'!$B$2:$M$49,'Standings Data'!$A$2:$A$49="E"),_xlfn._xlws.FILTER('Standings Data'!$K$2:$K$49,'Standings Data'!$A$2:$A$49="E"),1),1,2),"")} -> 3 | C31: {=IFERROR(INDEX(_xlfn.SORTBY(_xlfn._xlws.FILTER('Standings Data'!$B$2:$M$49,'Standings Data'!$A$2:$A$49="E"),_xlfn._xlws.FILTER('Standings Data'!$K$2:$K$49,'Standings Data'!$A$2:$A$49="E"),1),1,3),"")} -> 2 | D31: {=IFERROR(INDEX(_xlfn.SORTBY(_xlfn._xlws.FILTER('Standings Data'!$B$2:$M$49,'Standings Data'!$A$2:$A$49="E"),_xlfn._xlws.FILTER('Standings Data'!$K$2:$K$49,'Standings Data'!$A$2:$A$49="E"),1),1,4),"")} -> 0 | E31: {=IFERROR(INDEX(_xlfn.SORTBY(_xlfn._xlws.FILTER('Standings Data'!$B$2:$M$49,'Standings Data'!$A$2:$A$49="E"),_xlfn._xlws.FILTER('Standings Data'!$K$2:$K$49,'Standings Data'!$A$2:$A$49="E"),1),1,5),"")} -> 1 | F31: {=IFERROR(INDEX(_xlfn.SORTBY(_xlfn._xlws.FILTER('Standings Data'!$B$2:$M$49,'Standings Data'!$A$2:$A$49="E"),_xlfn._xlws.FILTER('Standings Data'!$K$2:$K$49,'Standings Data'!$A$2:$A$49="E"),1),1,6),"")} -> 10 | G31: {=IFERROR(INDEX(_xlfn.SORTBY(_xlfn._xlws.FILTER('Standings Data'!$B$2:$M$49,'Standings Data'!$A$2:$A$49="E"),_xlfn._xlws.FILTER('Standings Data'!$K$2:$K$49,'Standings Data'!$A$2:$A$49="E"),1),1,7),"")} -> 4 | H31: {=IFERROR(INDEX(_xlfn.SORTBY(_xlfn._xlws.FILTER('Standings Data'!$B$2:$M$49,'Standings Data'!$A$2:$A$49="E"),_xlfn._xlws.FILTER('Standings Data'!$K$2:$K$49,'Standings Data'!$A$2:$A$49="E"),1),1,8),"")} -> 6 | I31: {=IFERROR(INDEX(_xlfn.SORTBY(_xlfn._xlws.FILTER('Standings Data'!$B$2:$M$49,'Standings Data'!$A$2:$A$49="E"),_xlfn._xlws.FILTER('Standings Data'!$K$2:$K$49,'Standings Data'!$A$2:$A$49="E"),1),1,9),"")} -> 6 | J31: {=IFERROR(INDEX(_xlfn.SORTBY(_xlfn._xlws.FILTER('Standings Data'!$B$2:$M$49,'Standings Data'!$A$2:$A$49="E"),_xlfn._xlws.FILTER('Standings Data'!$K$2:$K$49,'Standings Data'!$A$2:$A$49="E"),1),1,10),"")} -> 1 | K31: {=IFERROR(INDEX(_xlfn.SORTBY(_xlfn._xlws.FILTER('Standings Data'!$B$2:$M$49,'Standings Data'!$A$2:$A$49="E"),_xlfn._xlws.FILTER('Standings Data'!$K$2:$K$49,'Standings Data'!$A$2:$A$49="E"),1),1,11),"")} -> E1 | L31: {=IFERROR(INDEX(_xlfn.SORTBY(_xlfn._xlws.FILTER('Standings Data'!$B$2:$M$49,'Standings Data'!$A$2:$A$49="E"),_xlfn._xlws.FILTER('Standings Data'!$K$2:$K$49,'Standings Data'!$A$2:$A$49="E"),1),1,12),"")} -> Qualified | O31: {=IFERROR(INDEX(_xlfn.SORTBY(_xlfn._xlws.FILTER('Standings Data'!$B$2:$M$49,'Standings Data'!$A$2:$A$49="K"),_xlfn._xlws.FILTER('Standings Data'!$K$2:$K$49,'Standings Data'!$A$2:$A$49="K"),1),1,1),"")} -> Colombia | P31: {=IFERROR(INDEX(_xlfn.SORTBY(_xlfn._xlws.FILTER('Standings Data'!$B$2:$M$49,'Standings Data'!$A$2:$A$49="K"),_xlfn._xlws.FILTER('Standings Data'!$K$2:$K$49,'Standings Data'!$A$2:$A$49="K"),1),1,2),"")} -> 3 | Q31: {=IFERROR(INDEX(_xlfn.SORTBY(_xlfn._xlws.FILTER('Standings Data'!$B$2:$M$49,'Standings Data'!$A$2:$A$49="K"),_xlfn._xlws.FILTER('Standings Data'!$K$2:$K$49,'Standings Data'!$A$2:$A$49="K"),1),1,3),"")} -> 2 | R31: {=IFERROR(INDEX(_xlfn.SORTBY(_xlfn._xlws.FILTER('Standings Data'!$B$2:$M$49,'Standings Data'!$A$2:$A$49="K"),_xlfn._xlws.FILTER('Standings Data'!$K$2:$K$49,'Standings Data'!$A$2:$A$49="K"),1),1,4),"")} -> 1 | S31: {=IFERROR(INDEX(_xlfn.SORTBY(_xlfn._xlws.FILTER('Standings Data'!$B$2:$M$49,'Standings Data'!$A$2:$A$49="K"),_xlfn._xlws.FILTER('Standings Data'!$K$2:$K$49,'Standings Data'!$A$2:$A$49="K"),1),1,5),"")} -> 0 | T31: {=IFERROR(INDEX(_xlfn.SORTBY(_xlfn._xlws.FILTER('Standings Data'!$B$2:$M$49,'Standings Data'!$A$2:$A$49="K"),_xlfn._xlws.FILTER('Standings Data'!$K$2:$K$49,'Standings Data'!$A$2:$A$49="K"),1),1,6),"")} -> 4 | U31: {=IFERROR(INDEX(_xlfn.SORTBY(_xlfn._xlws.FILTER('Standings Data'!$B$2:$M$49,'Standings Data'!$A$2:$A$49="K"),_xlfn._xlws.FILTER('Standings Data'!$K$2:$K$49,'Standings Data'!$A$2:$A$49="K"),1),1,7),"")} -> 1 | V31: {=IFERROR(INDEX(_xlfn.SORTBY(_xlfn._xlws.FILTER('Standings Data'!$B$2:$M$49,'Standings Data'!$A$2:$A$49="K"),_xlfn._xlws.FILTER('Standings Data'!$K$2:$K$49,'Standings Data'!$A$2:$A$49="K"),1),1,8),"")} -> 3 | W31: {=IFERROR(INDEX(_xlfn.SORTBY(_xlfn._xlws.FILTER('Standings Data'!$B$2:$M$49,'Standings Data'!$A$2:$A$49="K"),_xlfn._xlws.FILTER('Standings Data'!$K$2:$K$49,'Standings Data'!$A$2:$A$49="K"),1),1,9),"")} -> 7 | X31: {=IFERROR(INDEX(_xlfn.SORTBY(_xlfn._xlws.FILTER('Standings Data'!$B$2:$M$49,'Standings Data'!$A$2:$A$49="K"),_xlfn._xlws.FILTER('Standings Data'!$K$2:$K$49,'Standings Data'!$A$2:$A$49="K"),1),1,10),"")} -> 1 | Y31: {=IFERROR(INDEX(_xlfn.SORTBY(_xlfn._xlws.FILTER('Standings Data'!$B$2:$M$49,'Standings Data'!$A$2:$A$49="K"),_xlfn._xlws.FILTER('Standings Data'!$K$2:$K$49,'Standings Data'!$A$2:$A$49="K"),1),1,11),"")} -> K1 | Z31: {=IFERROR(INDEX(_xlfn.SORTBY(_xlfn._xlws.FILTER('Standings Data'!$B$2:$M$49,'Standings Data'!$A$2:$A$49="K"),_xlfn._xlws.FILTER('Standings Data'!$K$2:$K$49,'Standings Data'!$A$2:$A$49="K"),1),1,12),"")} -> Qualified
A32: {=IFERROR(INDEX(_xlfn.SORTBY(_xlfn._xlws.FILTER('Standings Data'!$B$2:$M$49,'Standings Data'!$A$2:$A$49="E"),_xlfn._xlws.FILTER('Standings Data'!$K$2:$K$49,'Standings Data'!$A$2:$A$49="E"),1),2,1),"")} -> Côte d'Ivoire | B32: {=IFERROR(INDEX(_xlfn.SORTBY(_xlfn._xlws.FILTER('Standings Data'!$B$2:$M$49,'Standings Data'!$A$2:$A$49="E"),_xlfn._xlws.FILTER('Standings Data'!$K$2:$K$49,'Standings Data'!$A$2:$A$49="E"),1),2,2),"")} -> 3 | C32: {=IFERROR(INDEX(_xlfn.SORTBY(_xlfn._xlws.FILTER('Standings Data'!$B$2:$M$49,'Standings Data'!$A$2:$A$49="E"),_xlfn._xlws.FILTER('Standings Data'!$K$2:$K$49,'Standings Data'!$A$2:$A$49="E"),1),2,3),"")} -> 2 | D32: {=IFERROR(INDEX(_xlfn.SORTBY(_xlfn._xlws.FILTER('Standings Data'!$B$2:$M$49,'Standings Data'!$A$2:$A$49="E"),_xlfn._xlws.FILTER('Standings Data'!$K$2:$K$49,'Standings Data'!$A$2:$A$49="E"),1),2,4),"")} -> 0 | E32: {=IFERROR(INDEX(_xlfn.SORTBY(_xlfn._xlws.FILTER('Standings Data'!$B$2:$M$49,'Standings Data'!$A$2:$A$49="E"),_xlfn._xlws.FILTER('Standings Data'!$K$2:$K$49,'Standings Data'!$A$2:$A$49="E"),1),2,5),"")} -> 1 | F32: {=IFERROR(INDEX(_xlfn.SORTBY(_xlfn._xlws.FILTER('Standings Data'!$B$2:$M$49,'Standings Data'!$A$2:$A$49="E"),_xlfn._xlws.FILTER('Standings Data'!$K$2:$K$49,'Standings Data'!$A$2:$A$49="E"),1),2,6),"")} -> 4 | G32: {=IFERROR(INDEX(_xlfn.SORTBY(_xlfn._xlws.FILTER('Standings Data'!$B$2:$M$49,'Standings Data'!$A$2:$A$49="E"),_xlfn._xlws.FILTER('Standings Data'!$K$2:$K$49,'Standings Data'!$A$2:$A$49="E"),1),2,7),"")} -> 2 | H32: {=IFERROR(INDEX(_xlfn.SORTBY(_xlfn._xlws.FILTER('Standings Data'!$B$2:$M$49,'Standings Data'!$A$2:$A$49="E"),_xlfn._xlws.FILTER('Standings Data'!$K$2:$K$49,'Standings Data'!$A$2:$A$49="E"),1),2,8),"")} -> 2 | I32: {=IFERROR(INDEX(_xlfn.SORTBY(_xlfn._xlws.FILTER('Standings Data'!$B$2:$M$49,'Standings Data'!$A$2:$A$49="E"),_xlfn._xlws.FILTER('Standings Data'!$K$2:$K$49,'Standings Data'!$A$2:$A$49="E"),1),2,9),"")} -> 6 | J32: {=IFERROR(INDEX(_xlfn.SORTBY(_xlfn._xlws.FILTER('Standings Data'!$B$2:$M$49,'Standings Data'!$A$2:$A$49="E"),_xlfn._xlws.FILTER('Standings Data'!$K$2:$K$49,'Standings Data'!$A$2:$A$49="E"),1),2,10),"")} -> 2 | K32: {=IFERROR(INDEX(_xlfn.SORTBY(_xlfn._xlws.FILTER('Standings Data'!$B$2:$M$49,'Standings Data'!$A$2:$A$49="E"),_xlfn._xlws.FILTER('Standings Data'!$K$2:$K$49,'Standings Data'!$A$2:$A$49="E"),1),2,11),"")} -> E2 | L32: {=IFERROR(INDEX(_xlfn.SORTBY(_xlfn._xlws.FILTER('Standings Data'!$B$2:$M$49,'Standings Data'!$A$2:$A$49="E"),_xlfn._xlws.FILTER('Standings Data'!$K$2:$K$49,'Standings Data'!$A$2:$A$49="E"),1),2,12),"")} -> Qualified | O32: {=IFERROR(INDEX(_xlfn.SORTBY(_xlfn._xlws.FILTER('Standings Data'!$B$2:$M$49,'Standings Data'!$A$2:$A$49="K"),_xlfn._xlws.FILTER('Standings Data'!$K$2:$K$49,'Standings Data'!$A$2:$A$49="K"),1),2,1),"")} -> Portugal | P32: {=IFERROR(INDEX(_xlfn.SORTBY(_xlfn._xlws.FILTER('Standings Data'!$B$2:$M$49,'Standings Data'!$A$2:$A$49="K"),_xlfn._xlws.FILTER('Standings Data'!$K$2:$K$49,'Standings Data'!$A$2:$A$49="K"),1),2,2),"")} -> 3 | Q32: {=IFERROR(INDEX(_xlfn.SORTBY(_xlfn._xlws.FILTER('Standings Data'!$B$2:$M$49,'Standings Data'!$A$2:$A$49="K"),_xlfn._xlws.FILTER('Standings Data'!$K$2:$K$49,'Standings Data'!$A$2:$A$49="K"),1),2,3),"")} -> 1 | R32: {=IFERROR(INDEX(_xlfn.SORTBY(_xlfn._xlws.FILTER('Standings Data'!$B$2:$M$49,'Standings Data'!$A$2:$A$49="K"),_xlfn._xlws.FILTER('Standings Data'!$K$2:$K$49,'Standings Data'!$A$2:$A$49="K"),1),2,4),"")} -> 2 | S32: {=IFERROR(INDEX(_xlfn.SORTBY(_xlfn._xlws.FILTER('Standings Data'!$B$2:$M$49,'Standings Data'!$A$2:$A$49="K"),_xlfn._xlws.FILTER('Standings Data'!$K$2:$K$49,'Standings Data'!$A$2:$A$49="K"),1),2,5),"")} -> 0 | T32: {=IFERROR(INDEX(_xlfn.SORTBY(_xlfn._xlws.FILTER('Standings Data'!$B$2:$M$49,'Standings Data'!$A$2:$A$49="K"),_xlfn._xlws.FILTER('Standings Data'!$K$2:$K$49,'Standings Data'!$A$2:$A$49="K"),1),2,6),"")} -> 6 | U32: {=IFERROR(INDEX(_xlfn.SORTBY(_xlfn._xlws.FILTER('Standings Data'!$B$2:$M$49,'Standings Data'!$A$2:$A$49="K"),_xlfn._xlws.FILTER('Standings Data'!$K$2:$K$49,'Standings Data'!$A$2:$A$49="K"),1),2,7),"")} -> 1 | V32: {=IFERROR(INDEX(_xlfn.SORTBY(_xlfn._xlws.FILTER('Standings Data'!$B$2:$M$49,'Standings Data'!$A$2:$A$49="K"),_xlfn._xlws.FILTER('Standings Data'!$K$2:$K$49,'Standings Data'!$A$2:$A$49="K"),1),2,8),"")} -> 5 | W32: {=IFERROR(INDEX(_xlfn.SORTBY(_xlfn._xlws.FILTER('Standings Data'!$B$2:$M$49,'Standings Data'!$A$2:$A$49="K"),_xlfn._xlws.FILTER('Standings Data'!$K$2:$K$49,'Standings Data'!$A$2:$A$49="K"),1),2,9),"")} -> 5 | X32: {=IFERROR(INDEX(_xlfn.SORTBY(_xlfn._xlws.FILTER('Standings Data'!$B$2:$M$49,'Standings Data'!$A$2:$A$49="K"),_xlfn._xlws.FILTER('Standings Data'!$K$2:$K$49,'Standings Data'!$A$2:$A$49="K"),1),2,10),"")} -> 2 | Y32: {=IFERROR(INDEX(_xlfn.SORTBY(_xlfn._xlws.FILTER('Standings Data'!$B$2:$M$49,'Standings Data'!$A$2:$A$49="K"),_xlfn._xlws.FILTER('Standings Data'!$K$2:$K$49,'Standings Data'!$A$2:$A$49="K"),1),2,11),"")} -> K2 | Z32: {=IFERROR(INDEX(_xlfn.SORTBY(_xlfn._xlws.FILTER('Standings Data'!$B$2:$M$49,'Standings Data'!$A$2:$A$49="K"),_xlfn._xlws.FILTER('Standings Data'!$K$2:$K$49,'Standings Data'!$A$2:$A$49="K"),1),2,12),"")} -> Qualified
A33: {=IFERROR(INDEX(_xlfn.SORTBY(_xlfn._xlws.FILTER('Standings Data'!$B$2:$M$49,'Standings Data'!$A$2:$A$49="E"),_xlfn._xlws.FILTER('Standings Data'!$K$2:$K$49,'Standings Data'!$A$2:$A$49="E"),1),3,1),"")} -> Ecuador | B33: {=IFERROR(INDEX(_xlfn.SORTBY(_xlfn._xlws.FILTER('Standings Data'!$B$2:$M$49,'Standings Data'!$A$2:$A$49="E"),_xlfn._xlws.FILTER('Standings Data'!$K$2:$K$49,'Standings Data'!$A$2:$A$49="E"),1),3,2),"")} -> 3 | C33: {=IFERROR(INDEX(_xlfn.SORTBY(_xlfn._xlws.FILTER('Standings Data'!$B$2:$M$49,'Standings Data'!$A$2:$A$49="E"),_xlfn._xlws.FILTER('Standings Data'!$K$2:$K$49,'Standings Data'!$A$2:$A$49="E"),1),3,3),"")} -> 1 | D33: {=IFERROR(INDEX(_xlfn.SORTBY(_xlfn._xlws.FILTER('Standings Data'!$B$2:$M$49,'Standings Data'!$A$2:$A$49="E"),_xlfn._xlws.FILTER('Standings Data'!$K$2:$K$49,'Standings Data'!$A$2:$A$49="E"),1),3,4),"")} -> 1 | E33: {=IFERROR(INDEX(_xlfn.SORTBY(_xlfn._xlws.FILTER('Standings Data'!$B$2:$M$49,'Standings Data'!$A$2:$A$49="E"),_xlfn._xlws.FILTER('Standings Data'!$K$2:$K$49,'Standings Data'!$A$2:$A$49="E"),1),3,5),"")} -> 1 | F33: {=IFERROR(INDEX(_xlfn.SORTBY(_xlfn._xlws.FILTER('Standings Data'!$B$2:$M$49,'Standings Data'!$A$2:$A$49="E"),_xlfn._xlws.FILTER('Standings Data'!$K$2:$K$49,'Standings Data'!$A$2:$A$49="E"),1),3,6),"")} -> 2 | G33: {=IFERROR(INDEX(_xlfn.SORTBY(_xlfn._xlws.FILTER('Standings Data'!$B$2:$M$49,'Standings Data'!$A$2:$A$49="E"),_xlfn._xlws.FILTER('Standings Data'!$K$2:$K$49,'Standings Data'!$A$2:$A$49="E"),1),3,7),"")} -> 2 | H33: {=IFERROR(INDEX(_xlfn.SORTBY(_xlfn._xlws.FILTER('Standings Data'!$B$2:$M$49,'Standings Data'!$A$2:$A$49="E"),_xlfn._xlws.FILTER('Standings Data'!$K$2:$K$49,'Standings Data'!$A$2:$A$49="E"),1),3,8),"")} -> 0 | I33: {=IFERROR(INDEX(_xlfn.SORTBY(_xlfn._xlws.FILTER('Standings Data'!$B$2:$M$49,'Standings Data'!$A$2:$A$49="E"),_xlfn._xlws.FILTER('Standings Data'!$K$2:$K$49,'Standings Data'!$A$2:$A$49="E"),1),3,9),"")} -> 4 | J33: {=IFERROR(INDEX(_xlfn.SORTBY(_xlfn._xlws.FILTER('Standings Data'!$B$2:$M$49,'Standings Data'!$A$2:$A$49="E"),_xlfn._xlws.FILTER('Standings Data'!$K$2:$K$49,'Standings Data'!$A$2:$A$49="E"),1),3,10),"")} -> 3 | K33: {=IFERROR(INDEX(_xlfn.SORTBY(_xlfn._xlws.FILTER('Standings Data'!$B$2:$M$49,'Standings Data'!$A$2:$A$49="E"),_xlfn._xlws.FILTER('Standings Data'!$K$2:$K$49,'Standings Data'!$A$2:$A$49="E"),1),3,11),"")} -> E3 | L33: {=IFERROR(INDEX(_xlfn.SORTBY(_xlfn._xlws.FILTER('Standings Data'!$B$2:$M$49,'Standings Data'!$A$2:$A$49="E"),_xlfn._xlws.FILTER('Standings Data'!$K$2:$K$49,'Standings Data'!$A$2:$A$49="E"),1),3,12),"")} -> Third-place pool | O33: {=IFERROR(INDEX(_xlfn.SORTBY(_xlfn._xlws.FILTER('Standings Data'!$B$2:$M$49,'Standings Data'!$A$2:$A$49="K"),_xlfn._xlws.FILTER('Standings Data'!$K$2:$K$49,'Standings Data'!$A$2:$A$49="K"),1),3,1),"")} -> Congo DR | P33: {=IFERROR(INDEX(_xlfn.SORTBY(_xlfn._xlws.FILTER('Standings Data'!$B$2:$M$49,'Standings Data'!$A$2:$A$49="K"),_xlfn._xlws.FILTER('Standings Data'!$K$2:$K$49,'Standings Data'!$A$2:$A$49="K"),1),3,2),"")} -> 3 | Q33: {=IFERROR(INDEX(_xlfn.SORTBY(_xlfn._xlws.FILTER('Standings Data'!$B$2:$M$49,'Standings Data'!$A$2:$A$49="K"),_xlfn._xlws.FILTER('Standings Data'!$K$2:$K$49,'Standings Data'!$A$2:$A$49="K"),1),3,3),"")} -> 1 | R33: {=IFERROR(INDEX(_xlfn.SORTBY(_xlfn._xlws.FILTER('Standings Data'!$B$2:$M$49,'Standings Data'!$A$2:$A$49="K"),_xlfn._xlws.FILTER('Standings Data'!$K$2:$K$49,'Standings Data'!$A$2:$A$49="K"),1),3,4),"")} -> 1 | S33: {=IFERROR(INDEX(_xlfn.SORTBY(_xlfn._xlws.FILTER('Standings Data'!$B$2:$M$49,'Standings Data'!$A$2:$A$49="K"),_xlfn._xlws.FILTER('Standings Data'!$K$2:$K$49,'Standings Data'!$A$2:$A$49="K"),1),3,5),"")} -> 1 | T33: {=IFERROR(INDEX(_xlfn.SORTBY(_xlfn._xlws.FILTER('Standings Data'!$B$2:$M$49,'Standings Data'!$A$2:$A$49="K"),_xlfn._xlws.FILTER('Standings Data'!$K$2:$K$49,'Standings Data'!$A$2:$A$49="K"),1),3,6),"")} -> 4 | U33: {=IFERROR(INDEX(_xlfn.SORTBY(_xlfn._xlws.FILTER('Standings Data'!$B$2:$M$49,'Standings Data'!$A$2:$A$49="K"),_xlfn._xlws.FILTER('Standings Data'!$K$2:$K$49,'Standings Data'!$A$2:$A$49="K"),1),3,7),"")} -> 3 | V33: {=IFERROR(INDEX(_xlfn.SORTBY(_xlfn._xlws.FILTER('Standings Data'!$B$2:$M$49,'Standings Data'!$A$2:$A$49="K"),_xlfn._xlws.FILTER('Standings Data'!$K$2:$K$49,'Standings Data'!$A$2:$A$49="K"),1),3,8),"")} -> 1 | W33: {=IFERROR(INDEX(_xlfn.SORTBY(_xlfn._xlws.FILTER('Standings Data'!$B$2:$M$49,'Standings Data'!$A$2:$A$49="K"),_xlfn._xlws.FILTER('Standings Data'!$K$2:$K$49,'Standings Data'!$A$2:$A$49="K"),1),3,9),"")} -> 4 | X33: {=IFERROR(INDEX(_xlfn.SORTBY(_xlfn._xlws.FILTER('Standings Data'!$B$2:$M$49,'Standings Data'!$A$2:$A$49="K"),_xlfn._xlws.FILTER('Standings Data'!$K$2:$K$49,'Standings Data'!$A$2:$A$49="K"),1),3,10),"")} -> 3 | Y33: {=IFERROR(INDEX(_xlfn.SORTBY(_xlfn._xlws.FILTER('Standings Data'!$B$2:$M$49,'Standings Data'!$A$2:$A$49="K"),_xlfn._xlws.FILTER('Standings Data'!$K$2:$K$49,'Standings Data'!$A$2:$A$49="K"),1),3,11),"")} -> K3 | Z33: {=IFERROR(INDEX(_xlfn.SORTBY(_xlfn._xlws.FILTER('Standings Data'!$B$2:$M$49,'Standings Data'!$A$2:$A$49="K"),_xlfn._xlws.FILTER('Standings Data'!$K$2:$K$49,'Standings Data'!$A$2:$A$49="K"),1),3,12),"")} -> Third-place pool
A34: {=IFERROR(INDEX(_xlfn.SORTBY(_xlfn._xlws.FILTER('Standings Data'!$B$2:$M$49,'Standings Data'!$A$2:$A$49="E"),_xlfn._xlws.FILTER('Standings Data'!$K$2:$K$49,'Standings Data'!$A$2:$A$49="E"),1),4,1),"")} -> Curaçao | B34: {=IFERROR(INDEX(_xlfn.SORTBY(_xlfn._xlws.FILTER('Standings Data'!$B$2:$M$49,'Standings Data'!$A$2:$A$49="E"),_xlfn._xlws.FILTER('Standings Data'!$K$2:$K$49,'Standings Data'!$A$2:$A$49="E"),1),4,2),"")} -> 3 | C34: {=IFERROR(INDEX(_xlfn.SORTBY(_xlfn._xlws.FILTER('Standings Data'!$B$2:$M$49,'Standings Data'!$A$2:$A$49="E"),_xlfn._xlws.FILTER('Standings Data'!$K$2:$K$49,'Standings Data'!$A$2:$A$49="E"),1),4,3),"")} -> 0 | D34: {=IFERROR(INDEX(_xlfn.SORTBY(_xlfn._xlws.FILTER('Standings Data'!$B$2:$M$49,'Standings Data'!$A$2:$A$49="E"),_xlfn._xlws.FILTER('Standings Data'!$K$2:$K$49,'Standings Data'!$A$2:$A$49="E"),1),4,4),"")} -> 1 | E34: {=IFERROR(INDEX(_xlfn.SORTBY(_xlfn._xlws.FILTER('Standings Data'!$B$2:$M$49,'Standings Data'!$A$2:$A$49="E"),_xlfn._xlws.FILTER('Standings Data'!$K$2:$K$49,'Standings Data'!$A$2:$A$49="E"),1),4,5),"")} -> 2 | F34: {=IFERROR(INDEX(_xlfn.SORTBY(_xlfn._xlws.FILTER('Standings Data'!$B$2:$M$49,'Standings Data'!$A$2:$A$49="E"),_xlfn._xlws.FILTER('Standings Data'!$K$2:$K$49,'Standings Data'!$A$2:$A$49="E"),1),4,6),"")} -> 1 | G34: {=IFERROR(INDEX(_xlfn.SORTBY(_xlfn._xlws.FILTER('Standings Data'!$B$2:$M$49,'Standings Data'!$A$2:$A$49="E"),_xlfn._xlws.FILTER('Standings Data'!$K$2:$K$49,'Standings Data'!$A$2:$A$49="E"),1),4,7),"")} -> 9 | H34: {=IFERROR(INDEX(_xlfn.SORTBY(_xlfn._xlws.FILTER('Standings Data'!$B$2:$M$49,'Standings Data'!$A$2:$A$49="E"),_xlfn._xlws.FILTER('Standings Data'!$K$2:$K$49,'Standings Data'!$A$2:$A$49="E"),1),4,8),"")} -> -8 | I34: {=IFERROR(INDEX(_xlfn.SORTBY(_xlfn._xlws.FILTER('Standings Data'!$B$2:$M$49,'Standings Data'!$A$2:$A$49="E"),_xlfn._xlws.FILTER('Standings Data'!$K$2:$K$49,'Standings Data'!$A$2:$A$49="E"),1),4,9),"")} -> 1 | J34: {=IFERROR(INDEX(_xlfn.SORTBY(_xlfn._xlws.FILTER('Standings Data'!$B$2:$M$49,'Standings Data'!$A$2:$A$49="E"),_xlfn._xlws.FILTER('Standings Data'!$K$2:$K$49,'Standings Data'!$A$2:$A$49="E"),1),4,10),"")} -> 4 | K34: {=IFERROR(INDEX(_xlfn.SORTBY(_xlfn._xlws.FILTER('Standings Data'!$B$2:$M$49,'Standings Data'!$A$2:$A$49="E"),_xlfn._xlws.FILTER('Standings Data'!$K$2:$K$49,'Standings Data'!$A$2:$A$49="E"),1),4,11),"")} -> E4 | L34: {=IFERROR(INDEX(_xlfn.SORTBY(_xlfn._xlws.FILTER('Standings Data'!$B$2:$M$49,'Standings Data'!$A$2:$A$49="E"),_xlfn._xlws.FILTER('Standings Data'!$K$2:$K$49,'Standings Data'!$A$2:$A$49="E"),1),4,12),"")} | O34: {=IFERROR(INDEX(_xlfn.SORTBY(_xlfn._xlws.FILTER('Standings Data'!$B$2:$M$49,'Standings Data'!$A$2:$A$49="K"),_xlfn._xlws.FILTER('Standings Data'!$K$2:$K$49,'Standings Data'!$A$2:$A$49="K"),1),4,1),"")} -> Uzbekistan | P34: {=IFERROR(INDEX(_xlfn.SORTBY(_xlfn._xlws.FILTER('Standings Data'!$B$2:$M$49,'Standings Data'!$A$2:$A$49="K"),_xlfn._xlws.FILTER('Standings Data'!$K$2:$K$49,'Standings Data'!$A$2:$A$49="K"),1),4,2),"")} -> 3 | Q34: {=IFERROR(INDEX(_xlfn.SORTBY(_xlfn._xlws.FILTER('Standings Data'!$B$2:$M$49,'Standings Data'!$A$2:$A$49="K"),_xlfn._xlws.FILTER('Standings Data'!$K$2:$K$49,'Standings Data'!$A$2:$A$49="K"),1),4,3),"")} -> 0 | R34: {=IFERROR(INDEX(_xlfn.SORTBY(_xlfn._xlws.FILTER('Standings Data'!$B$2:$M$49,'Standings Data'!$A$2:$A$49="K"),_xlfn._xlws.FILTER('Standings Data'!$K$2:$K$49,'Standings Data'!$A$2:$A$49="K"),1),4,4),"")} -> 0 | S34: {=IFERROR(INDEX(_xlfn.SORTBY(_xlfn._xlws.FILTER('Standings Data'!$B$2:$M$49,'Standings Data'!$A$2:$A$49="K"),_xlfn._xlws.FILTER('Standings Data'!$K$2:$K$49,'Standings Data'!$A$2:$A$49="K"),1),4,5),"")} -> 3 | T34: {=IFERROR(INDEX(_xlfn.SORTBY(_xlfn._xlws.FILTER('Standings Data'!$B$2:$M$49,'Standings Data'!$A$2:$A$49="K"),_xlfn._xlws.FILTER('Standings Data'!$K$2:$K$49,'Standings Data'!$A$2:$A$49="K"),1),4,6),"")} -> 2 | U34: {=IFERROR(INDEX(_xlfn.SORTBY(_xlfn._xlws.FILTER('Standings Data'!$B$2:$M$49,'Standings Data'!$A$2:$A$49="K"),_xlfn._xlws.FILTER('Standings Data'!$K$2:$K$49,'Standings Data'!$A$2:$A$49="K"),1),4,7),"")} -> 11 | V34: {=IFERROR(INDEX(_xlfn.SORTBY(_xlfn._xlws.FILTER('Standings Data'!$B$2:$M$49,'Standings Data'!$A$2:$A$49="K"),_xlfn._xlws.FILTER('Standings Data'!$K$2:$K$49,'Standings Data'!$A$2:$A$49="K"),1),4,8),"")} -> -9 | W34: {=IFERROR(INDEX(_xlfn.SORTBY(_xlfn._xlws.FILTER('Standings Data'!$B$2:$M$49,'Standings Data'!$A$2:$A$49="K"),_xlfn._xlws.FILTER('Standings Data'!$K$2:$K$49,'Standings Data'!$A$2:$A$49="K"),1),4,9),"")} -> 0 | X34: {=IFERROR(INDEX(_xlfn.SORTBY(_xlfn._xlws.FILTER('Standings Data'!$B$2:$M$49,'Standings Data'!$A$2:$A$49="K"),_xlfn._xlws.FILTER('Standings Data'!$K$2:$K$49,'Standings Data'!$A$2:$A$49="K"),1),4,10),"")} -> 4 | Y34: {=IFERROR(INDEX(_xlfn.SORTBY(_xlfn._xlws.FILTER('Standings Data'!$B$2:$M$49,'Standings Data'!$A$2:$A$49="K"),_xlfn._xlws.FILTER('Standings Data'!$K$2:$K$49,'Standings Data'!$A$2:$A$49="K"),1),4,11),"")} -> K4 | Z34: {=IFERROR(INDEX(_xlfn.SORTBY(_xlfn._xlws.FILTER('Standings Data'!$B$2:$M$49,'Standings Data'!$A$2:$A$49="K"),_xlfn._xlws.FILTER('Standings Data'!$K$2:$K$49,'Standings Data'!$A$2:$A$49="K"),1),4,12),"")}
A36: Group F standings | O36: Group L standings
A37: Team | B37: Pld | C37: W | D37: D | E37: L | F37: GF | G37: GA | H37: GD | I37: Pts | J37: Rank | K37: Position | L37: Advance Status | O37: Team | P37: Pld | Q37: W | R37: D | S37: L | T37: GF | U37: GA | V37: GD | W37: Pts | X37: Rank | Y37: Position | Z37: Advance Status
A38: {=IFERROR(INDEX(_xlfn.SORTBY(_xlfn._xlws.FILTER('Standings Data'!$B$2:$M$49,'Standings Data'!$A$2:$A$49="F"),_xlfn._xlws.FILTER('Standings Data'!$K$2:$K$49,'Standings Data'!$A$2:$A$49="F"),1),1,1),"")} -> Netherlands | B38: {=IFERROR(INDEX(_xlfn.SORTBY(_xlfn._xlws.FILTER('Standings Data'!$B$2:$M$49,'Standings Data'!$A$2:$A$49="F"),_xlfn._xlws.FILTER('Standings Data'!$K$2:$K$49,'Standings Data'!$A$2:$A$49="F"),1),1,2),"")} -> 3 | C38: {=IFERROR(INDEX(_xlfn.SORTBY(_xlfn._xlws.FILTER('Standings Data'!$B$2:$M$49,'Standings Data'!$A$2:$A$49="F"),_xlfn._xlws.FILTER('Standings Data'!$K$2:$K$49,'Standings Data'!$A$2:$A$49="F"),1),1,3),"")} -> 2 | D38: {=IFERROR(INDEX(_xlfn.SORTBY(_xlfn._xlws.FILTER('Standings Data'!$B$2:$M$49,'Standings Data'!$A$2:$A$49="F"),_xlfn._xlws.FILTER('Standings Data'!$K$2:$K$49,'Standings Data'!$A$2:$A$49="F"),1),1,4),"")} -> 1 | E38: {=IFERROR(INDEX(_xlfn.SORTBY(_xlfn._xlws.FILTER('Standings Data'!$B$2:$M$49,'Standings Data'!$A$2:$A$49="F"),_xlfn._xlws.FILTER('Standings Data'!$K$2:$K$49,'Standings Data'!$A$2:$A$49="F"),1),1,5),"")} -> 0 | F38: {=IFERROR(INDEX(_xlfn.SORTBY(_xlfn._xlws.FILTER('Standings Data'!$B$2:$M$49,'Standings Data'!$A$2:$A$49="F"),_xlfn._xlws.FILTER('Standings Data'!$K$2:$K$49,'Standings Data'!$A$2:$A$49="F"),1),1,6),"")} -> 10 | G38: {=IFERROR(INDEX(_xlfn.SORTBY(_xlfn._xlws.FILTER('Standings Data'!$B$2:$M$49,'Standings Data'!$A$2:$A$49="F"),_xlfn._xlws.FILTER('Standings Data'!$K$2:$K$49,'Standings Data'!$A$2:$A$49="F"),1),1,7),"")} -> 4 | H38: {=IFERROR(INDEX(_xlfn.SORTBY(_xlfn._xlws.FILTER('Standings Data'!$B$2:$M$49,'Standings Data'!$A$2:$A$49="F"),_xlfn._xlws.FILTER('Standings Data'!$K$2:$K$49,'Standings Data'!$A$2:$A$49="F"),1),1,8),"")} -> 6 | I38: {=IFERROR(INDEX(_xlfn.SORTBY(_xlfn._xlws.FILTER('Standings Data'!$B$2:$M$49,'Standings Data'!$A$2:$A$49="F"),_xlfn._xlws.FILTER('Standings Data'!$K$2:$K$49,'Standings Data'!$A$2:$A$49="F"),1),1,9),"")} -> 7 | J38: {=IFERROR(INDEX(_xlfn.SORTBY(_xlfn._xlws.FILTER('Standings Data'!$B$2:$M$49,'Standings Data'!$A$2:$A$49="F"),_xlfn._xlws.FILTER('Standings Data'!$K$2:$K$49,'Standings Data'!$A$2:$A$49="F"),1),1,10),"")} -> 1 | K38: {=IFERROR(INDEX(_xlfn.SORTBY(_xlfn._xlws.FILTER('Standings Data'!$B$2:$M$49,'Standings Data'!$A$2:$A$49="F"),_xlfn._xlws.FILTER('Standings Data'!$K$2:$K$49,'Standings Data'!$A$2:$A$49="F"),1),1,11),"")} -> F1 | L38: {=IFERROR(INDEX(_xlfn.SORTBY(_xlfn._xlws.FILTER('Standings Data'!$B$2:$M$49,'Standings Data'!$A$2:$A$49="F"),_xlfn._xlws.FILTER('Standings Data'!$K$2:$K$49,'Standings Data'!$A$2:$A$49="F"),1),1,12),"")} -> Qualified | O38: {=IFERROR(INDEX(_xlfn.SORTBY(_xlfn._xlws.FILTER('Standings Data'!$B$2:$M$49,'Standings Data'!$A$2:$A$49="L"),_xlfn._xlws.FILTER('Standings Data'!$K$2:$K$49,'Standings Data'!$A$2:$A$49="L"),1),1,1),"")} -> England | P38: {=IFERROR(INDEX(_xlfn.SORTBY(_xlfn._xlws.FILTER('Standings Data'!$B$2:$M$49,'Standings Data'!$A$2:$A$49="L"),_xlfn._xlws.FILTER('Standings Data'!$K$2:$K$49,'Standings Data'!$A$2:$A$49="L"),1),1,2),"")} -> 3 | Q38: {=IFERROR(INDEX(_xlfn.SORTBY(_xlfn._xlws.FILTER('Standings Data'!$B$2:$M$49,'Standings Data'!$A$2:$A$49="L"),_xlfn._xlws.FILTER('Standings Data'!$K$2:$K$49,'Standings Data'!$A$2:$A$49="L"),1),1,3),"")} -> 2 | R38: {=IFERROR(INDEX(_xlfn.SORTBY(_xlfn._xlws.FILTER('Standings Data'!$B$2:$M$49,'Standings Data'!$A$2:$A$49="L"),_xlfn._xlws.FILTER('Standings Data'!$K$2:$K$49,'Standings Data'!$A$2:$A$49="L"),1),1,4),"")} -> 1 | S38: {=IFERROR(INDEX(_xlfn.SORTBY(_xlfn._xlws.FILTER('Standings Data'!$B$2:$M$49,'Standings Data'!$A$2:$A$49="L"),_xlfn._xlws.FILTER('Standings Data'!$K$2:$K$49,'Standings Data'!$A$2:$A$49="L"),1),1,5),"")} -> 0 | T38: {=IFERROR(INDEX(_xlfn.SORTBY(_xlfn._xlws.FILTER('Standings Data'!$B$2:$M$49,'Standings Data'!$A$2:$A$49="L"),_xlfn._xlws.FILTER('Standings Data'!$K$2:$K$49,'Standings Data'!$A$2:$A$49="L"),1),1,6),"")} -> 6 | U38: {=IFERROR(INDEX(_xlfn.SORTBY(_xlfn._xlws.FILTER('Standings Data'!$B$2:$M$49,'Standings Data'!$A$2:$A$49="L"),_xlfn._xlws.FILTER('Standings Data'!$K$2:$K$49,'Standings Data'!$A$2:$A$49="L"),1),1,7),"")} -> 2 | V38: {=IFERROR(INDEX(_xlfn.SORTBY(_xlfn._xlws.FILTER('Standings Data'!$B$2:$M$49,'Standings Data'!$A$2:$A$49="L"),_xlfn._xlws.FILTER('Standings Data'!$K$2:$K$49,'Standings Data'!$A$2:$A$49="L"),1),1,8),"")} -> 4 | W38: {=IFERROR(INDEX(_xlfn.SORTBY(_xlfn._xlws.FILTER('Standings Data'!$B$2:$M$49,'Standings Data'!$A$2:$A$49="L"),_xlfn._xlws.FILTER('Standings Data'!$K$2:$K$49,'Standings Data'!$A$2:$A$49="L"),1),1,9),"")} -> 7 | X38: {=IFERROR(INDEX(_xlfn.SORTBY(_xlfn._xlws.FILTER('Standings Data'!$B$2:$M$49,'Standings Data'!$A$2:$A$49="L"),_xlfn._xlws.FILTER('Standings Data'!$K$2:$K$49,'Standings Data'!$A$2:$A$49="L"),1),1,10),"")} -> 1 | Y38: {=IFERROR(INDEX(_xlfn.SORTBY(_xlfn._xlws.FILTER('Standings Data'!$B$2:$M$49,'Standings Data'!$A$2:$A$49="L"),_xlfn._xlws.FILTER('Standings Data'!$K$2:$K$49,'Standings Data'!$A$2:$A$49="L"),1),1,11),"")} -> L1 | Z38: {=IFERROR(INDEX(_xlfn.SORTBY(_xlfn._xlws.FILTER('Standings Data'!$B$2:$M$49,'Standings Data'!$A$2:$A$49="L"),_xlfn._xlws.FILTER('Standings Data'!$K$2:$K$49,'Standings Data'!$A$2:$A$49="L"),1),1,12),"")} -> Qualified
A39: {=IFERROR(INDEX(_xlfn.SORTBY(_xlfn._xlws.FILTER('Standings Data'!$B$2:$M$49,'Standings Data'!$A$2:$A$49="F"),_xlfn._xlws.FILTER('Standings Data'!$K$2:$K$49,'Standings Data'!$A$2:$A$49="F"),1),2,1),"")} -> Japan | B39: {=IFERROR(INDEX(_xlfn.SORTBY(_xlfn._xlws.FILTER('Standings Data'!$B$2:$M$49,'Standings Data'!$A$2:$A$49="F"),_xlfn._xlws.FILTER('Standings Data'!$K$2:$K$49,'Standings Data'!$A$2:$A$49="F"),1),2,2),"")} -> 3 | C39: {=IFERROR(INDEX(_xlfn.SORTBY(_xlfn._xlws.FILTER('Standings Data'!$B$2:$M$49,'Standings Data'!$A$2:$A$49="F"),_xlfn._xlws.FILTER('Standings Data'!$K$2:$K$49,'Standings Data'!$A$2:$A$49="F"),1),2,3),"")} -> 1 | D39: {=IFERROR(INDEX(_xlfn.SORTBY(_xlfn._xlws.FILTER('Standings Data'!$B$2:$M$49,'Standings Data'!$A$2:$A$49="F"),_xlfn._xlws.FILTER('Standings Data'!$K$2:$K$49,'Standings Data'!$A$2:$A$49="F"),1),2,4),"")} -> 2 | E39: {=IFERROR(INDEX(_xlfn.SORTBY(_xlfn._xlws.FILTER('Standings Data'!$B$2:$M$49,'Standings Data'!$A$2:$A$49="F"),_xlfn._xlws.FILTER('Standings Data'!$K$2:$K$49,'Standings Data'!$A$2:$A$49="F"),1),2,5),"")} -> 0 | F39: {=IFERROR(INDEX(_xlfn.SORTBY(_xlfn._xlws.FILTER('Standings Data'!$B$2:$M$49,'Standings Data'!$A$2:$A$49="F"),_xlfn._xlws.FILTER('Standings Data'!$K$2:$K$49,'Standings Data'!$A$2:$A$49="F"),1),2,6),"")} -> 7 | G39: {=IFERROR(INDEX(_xlfn.SORTBY(_xlfn._xlws.FILTER('Standings Data'!$B$2:$M$49,'Standings Data'!$A$2:$A$49="F"),_xlfn._xlws.FILTER('Standings Data'!$K$2:$K$49,'Standings Data'!$A$2:$A$49="F"),1),2,7),"")} -> 3 | H39: {=IFERROR(INDEX(_xlfn.SORTBY(_xlfn._xlws.FILTER('Standings Data'!$B$2:$M$49,'Standings Data'!$A$2:$A$49="F"),_xlfn._xlws.FILTER('Standings Data'!$K$2:$K$49,'Standings Data'!$A$2:$A$49="F"),1),2,8),"")} -> 4 | I39: {=IFERROR(INDEX(_xlfn.SORTBY(_xlfn._xlws.FILTER('Standings Data'!$B$2:$M$49,'Standings Data'!$A$2:$A$49="F"),_xlfn._xlws.FILTER('Standings Data'!$K$2:$K$49,'Standings Data'!$A$2:$A$49="F"),1),2,9),"")} -> 5 | J39: {=IFERROR(INDEX(_xlfn.SORTBY(_xlfn._xlws.FILTER('Standings Data'!$B$2:$M$49,'Standings Data'!$A$2:$A$49="F"),_xlfn._xlws.FILTER('Standings Data'!$K$2:$K$49,'Standings Data'!$A$2:$A$49="F"),1),2,10),"")} -> 2 | K39: {=IFERROR(INDEX(_xlfn.SORTBY(_xlfn._xlws.FILTER('Standings Data'!$B$2:$M$49,'Standings Data'!$A$2:$A$49="F"),_xlfn._xlws.FILTER('Standings Data'!$K$2:$K$49,'Standings Data'!$A$2:$A$49="F"),1),2,11),"")} -> F2 | L39: {=IFERROR(INDEX(_xlfn.SORTBY(_xlfn._xlws.FILTER('Standings Data'!$B$2:$M$49,'Standings Data'!$A$2:$A$49="F"),_xlfn._xlws.FILTER('Standings Data'!$K$2:$K$49,'Standings Data'!$A$2:$A$49="F"),1),2,12),"")} -> Qualified | O39: {=IFERROR(INDEX(_xlfn.SORTBY(_xlfn._xlws.FILTER('Standings Data'!$B$2:$M$49,'Standings Data'!$A$2:$A$49="L"),_xlfn._xlws.FILTER('Standings Data'!$K$2:$K$49,'Standings Data'!$A$2:$A$49="L"),1),2,1),"")} -> Croatia | P39: {=IFERROR(INDEX(_xlfn.SORTBY(_xlfn._xlws.FILTER('Standings Data'!$B$2:$M$49,'Standings Data'!$A$2:$A$49="L"),_xlfn._xlws.FILTER('Standings Data'!$K$2:$K$49,'Standings Data'!$A$2:$A$49="L"),1),2,2),"")} -> 3 | Q39: {=IFERROR(INDEX(_xlfn.SORTBY(_xlfn._xlws.FILTER('Standings Data'!$B$2:$M$49,'Standings Data'!$A$2:$A$49="L"),_xlfn._xlws.FILTER('Standings Data'!$K$2:$K$49,'Standings Data'!$A$2:$A$49="L"),1),2,3),"")} -> 2 | R39: {=IFERROR(INDEX(_xlfn.SORTBY(_xlfn._xlws.FILTER('Standings Data'!$B$2:$M$49,'Standings Data'!$A$2:$A$49="L"),_xlfn._xlws.FILTER('Standings Data'!$K$2:$K$49,'Standings Data'!$A$2:$A$49="L"),1),2,4),"")} -> 0 | S39: {=IFERROR(INDEX(_xlfn.SORTBY(_xlfn._xlws.FILTER('Standings Data'!$B$2:$M$49,'Standings Data'!$A$2:$A$49="L"),_xlfn._xlws.FILTER('Standings Data'!$K$2:$K$49,'Standings Data'!$A$2:$A$49="L"),1),2,5),"")} -> 1 | T39: {=IFERROR(INDEX(_xlfn.SORTBY(_xlfn._xlws.FILTER('Standings Data'!$B$2:$M$49,'Standings Data'!$A$2:$A$49="L"),_xlfn._xlws.FILTER('Standings Data'!$K$2:$K$49,'Standings Data'!$A$2:$A$49="L"),1),2,6),"")} -> 5 | U39: {=IFERROR(INDEX(_xlfn.SORTBY(_xlfn._xlws.FILTER('Standings Data'!$B$2:$M$49,'Standings Data'!$A$2:$A$49="L"),_xlfn._xlws.FILTER('Standings Data'!$K$2:$K$49,'Standings Data'!$A$2:$A$49="L"),1),2,7),"")} -> 5 | V39: {=IFERROR(INDEX(_xlfn.SORTBY(_xlfn._xlws.FILTER('Standings Data'!$B$2:$M$49,'Standings Data'!$A$2:$A$49="L"),_xlfn._xlws.FILTER('Standings Data'!$K$2:$K$49,'Standings Data'!$A$2:$A$49="L"),1),2,8),"")} -> 0 | W39: {=IFERROR(INDEX(_xlfn.SORTBY(_xlfn._xlws.FILTER('Standings Data'!$B$2:$M$49,'Standings Data'!$A$2:$A$49="L"),_xlfn._xlws.FILTER('Standings Data'!$K$2:$K$49,'Standings Data'!$A$2:$A$49="L"),1),2,9),"")} -> 6 | X39: {=IFERROR(INDEX(_xlfn.SORTBY(_xlfn._xlws.FILTER('Standings Data'!$B$2:$M$49,'Standings Data'!$A$2:$A$49="L"),_xlfn._xlws.FILTER('Standings Data'!$K$2:$K$49,'Standings Data'!$A$2:$A$49="L"),1),2,10),"")} -> 2 | Y39: {=IFERROR(INDEX(_xlfn.SORTBY(_xlfn._xlws.FILTER('Standings Data'!$B$2:$M$49,'Standings Data'!$A$2:$A$49="L"),_xlfn._xlws.FILTER('Standings Data'!$K$2:$K$49,'Standings Data'!$A$2:$A$49="L"),1),2,11),"")} -> L2 | Z39: {=IFERROR(INDEX(_xlfn.SORTBY(_xlfn._xlws.FILTER('Standings Data'!$B$2:$M$49,'Standings Data'!$A$2:$A$49="L"),_xlfn._xlws.FILTER('Standings Data'!$K$2:$K$49,'Standings Data'!$A$2:$A$49="L"),1),2,12),"")} -> Qualified
A40: {=IFERROR(INDEX(_xlfn.SORTBY(_xlfn._xlws.FILTER('Standings Data'!$B$2:$M$49,'Standings Data'!$A$2:$A$49="F"),_xlfn._xlws.FILTER('Standings Data'!$K$2:$K$49,'Standings Data'!$A$2:$A$49="F"),1),3,1),"")} -> Sweden | B40: {=IFERROR(INDEX(_xlfn.SORTBY(_xlfn._xlws.FILTER('Standings Data'!$B$2:$M$49,'Standings Data'!$A$2:$A$49="F"),_xlfn._xlws.FILTER('Standings Data'!$K$2:$K$49,'Standings Data'!$A$2:$A$49="F"),1),3,2),"")} -> 3 | C40: {=IFERROR(INDEX(_xlfn.SORTBY(_xlfn._xlws.FILTER('Standings Data'!$B$2:$M$49,'Standings Data'!$A$2:$A$49="F"),_xlfn._xlws.FILTER('Standings Data'!$K$2:$K$49,'Standings Data'!$A$2:$A$49="F"),1),3,3),"")} -> 1 | D40: {=IFERROR(INDEX(_xlfn.SORTBY(_xlfn._xlws.FILTER('Standings Data'!$B$2:$M$49,'Standings Data'!$A$2:$A$49="F"),_xlfn._xlws.FILTER('Standings Data'!$K$2:$K$49,'Standings Data'!$A$2:$A$49="F"),1),3,4),"")} -> 1 | E40: {=IFERROR(INDEX(_xlfn.SORTBY(_xlfn._xlws.FILTER('Standings Data'!$B$2:$M$49,'Standings Data'!$A$2:$A$49="F"),_xlfn._xlws.FILTER('Standings Data'!$K$2:$K$49,'Standings Data'!$A$2:$A$49="F"),1),3,5),"")} -> 1 | F40: {=IFERROR(INDEX(_xlfn.SORTBY(_xlfn._xlws.FILTER('Standings Data'!$B$2:$M$49,'Standings Data'!$A$2:$A$49="F"),_xlfn._xlws.FILTER('Standings Data'!$K$2:$K$49,'Standings Data'!$A$2:$A$49="F"),1),3,6),"")} -> 7 | G40: {=IFERROR(INDEX(_xlfn.SORTBY(_xlfn._xlws.FILTER('Standings Data'!$B$2:$M$49,'Standings Data'!$A$2:$A$49="F"),_xlfn._xlws.FILTER('Standings Data'!$K$2:$K$49,'Standings Data'!$A$2:$A$49="F"),1),3,7),"")} -> 7 | H40: {=IFERROR(INDEX(_xlfn.SORTBY(_xlfn._xlws.FILTER('Standings Data'!$B$2:$M$49,'Standings Data'!$A$2:$A$49="F"),_xlfn._xlws.FILTER('Standings Data'!$K$2:$K$49,'Standings Data'!$A$2:$A$49="F"),1),3,8),"")} -> 0 | I40: {=IFERROR(INDEX(_xlfn.SORTBY(_xlfn._xlws.FILTER('Standings Data'!$B$2:$M$49,'Standings Data'!$A$2:$A$49="F"),_xlfn._xlws.FILTER('Standings Data'!$K$2:$K$49,'Standings Data'!$A$2:$A$49="F"),1),3,9),"")} -> 4 | J40: {=IFERROR(INDEX(_xlfn.SORTBY(_xlfn._xlws.FILTER('Standings Data'!$B$2:$M$49,'Standings Data'!$A$2:$A$49="F"),_xlfn._xlws.FILTER('Standings Data'!$K$2:$K$49,'Standings Data'!$A$2:$A$49="F"),1),3,10),"")} -> 3 | K40: {=IFERROR(INDEX(_xlfn.SORTBY(_xlfn._xlws.FILTER('Standings Data'!$B$2:$M$49,'Standings Data'!$A$2:$A$49="F"),_xlfn._xlws.FILTER('Standings Data'!$K$2:$K$49,'Standings Data'!$A$2:$A$49="F"),1),3,11),"")} -> F3 | L40: {=IFERROR(INDEX(_xlfn.SORTBY(_xlfn._xlws.FILTER('Standings Data'!$B$2:$M$49,'Standings Data'!$A$2:$A$49="F"),_xlfn._xlws.FILTER('Standings Data'!$K$2:$K$49,'Standings Data'!$A$2:$A$49="F"),1),3,12),"")} -> Third-place pool | O40: {=IFERROR(INDEX(_xlfn.SORTBY(_xlfn._xlws.FILTER('Standings Data'!$B$2:$M$49,'Standings Data'!$A$2:$A$49="L"),_xlfn._xlws.FILTER('Standings Data'!$K$2:$K$49,'Standings Data'!$A$2:$A$49="L"),1),3,1),"")} -> Ghana | P40: {=IFERROR(INDEX(_xlfn.SORTBY(_xlfn._xlws.FILTER('Standings Data'!$B$2:$M$49,'Standings Data'!$A$2:$A$49="L"),_xlfn._xlws.FILTER('Standings Data'!$K$2:$K$49,'Standings Data'!$A$2:$A$49="L"),1),3,2),"")} -> 3 | Q40: {=IFERROR(INDEX(_xlfn.SORTBY(_xlfn._xlws.FILTER('Standings Data'!$B$2:$M$49,'Standings Data'!$A$2:$A$49="L"),_xlfn._xlws.FILTER('Standings Data'!$K$2:$K$49,'Standings Data'!$A$2:$A$49="L"),1),3,3),"")} -> 1 | R40: {=IFERROR(INDEX(_xlfn.SORTBY(_xlfn._xlws.FILTER('Standings Data'!$B$2:$M$49,'Standings Data'!$A$2:$A$49="L"),_xlfn._xlws.FILTER('Standings Data'!$K$2:$K$49,'Standings Data'!$A$2:$A$49="L"),1),3,4),"")} -> 1 | S40: {=IFERROR(INDEX(_xlfn.SORTBY(_xlfn._xlws.FILTER('Standings Data'!$B$2:$M$49,'Standings Data'!$A$2:$A$49="L"),_xlfn._xlws.FILTER('Standings Data'!$K$2:$K$49,'Standings Data'!$A$2:$A$49="L"),1),3,5),"")} -> 1 | T40: {=IFERROR(INDEX(_xlfn.SORTBY(_xlfn._xlws.FILTER('Standings Data'!$B$2:$M$49,'Standings Data'!$A$2:$A$49="L"),_xlfn._xlws.FILTER('Standings Data'!$K$2:$K$49,'Standings Data'!$A$2:$A$49="L"),1),3,6),"")} -> 2 | U40: {=IFERROR(INDEX(_xlfn.SORTBY(_xlfn._xlws.FILTER('Standings Data'!$B$2:$M$49,'Standings Data'!$A$2:$A$49="L"),_xlfn._xlws.FILTER('Standings Data'!$K$2:$K$49,'Standings Data'!$A$2:$A$49="L"),1),3,7),"")} -> 2 | V40: {=IFERROR(INDEX(_xlfn.SORTBY(_xlfn._xlws.FILTER('Standings Data'!$B$2:$M$49,'Standings Data'!$A$2:$A$49="L"),_xlfn._xlws.FILTER('Standings Data'!$K$2:$K$49,'Standings Data'!$A$2:$A$49="L"),1),3,8),"")} -> 0 | W40: {=IFERROR(INDEX(_xlfn.SORTBY(_xlfn._xlws.FILTER('Standings Data'!$B$2:$M$49,'Standings Data'!$A$2:$A$49="L"),_xlfn._xlws.FILTER('Standings Data'!$K$2:$K$49,'Standings Data'!$A$2:$A$49="L"),1),3,9),"")} -> 4 | X40: {=IFERROR(INDEX(_xlfn.SORTBY(_xlfn._xlws.FILTER('Standings Data'!$B$2:$M$49,'Standings Data'!$A$2:$A$49="L"),_xlfn._xlws.FILTER('Standings Data'!$K$2:$K$49,'Standings Data'!$A$2:$A$49="L"),1),3,10),"")} -> 3 | Y40: {=IFERROR(INDEX(_xlfn.SORTBY(_xlfn._xlws.FILTER('Standings Data'!$B$2:$M$49,'Standings Data'!$A$2:$A$49="L"),_xlfn._xlws.FILTER('Standings Data'!$K$2:$K$49,'Standings Data'!$A$2:$A$49="L"),1),3,11),"")} -> L3 | Z40: {=IFERROR(INDEX(_xlfn.SORTBY(_xlfn._xlws.FILTER('Standings Data'!$B$2:$M$49,'Standings Data'!$A$2:$A$49="L"),_xlfn._xlws.FILTER('Standings Data'!$K$2:$K$49,'Standings Data'!$A$2:$A$49="L"),1),3,12),"")} -> Third-place pool
A41: {=IFERROR(INDEX(_xlfn.SORTBY(_xlfn._xlws.FILTER('Standings Data'!$B$2:$M$49,'Standings Data'!$A$2:$A$49="F"),_xlfn._xlws.FILTER('Standings Data'!$K$2:$K$49,'Standings Data'!$A$2:$A$49="F"),1),4,1),"")} -> Tunisia | B41: {=IFERROR(INDEX(_xlfn.SORTBY(_xlfn._xlws.FILTER('Standings Data'!$B$2:$M$49,'Standings Data'!$A$2:$A$49="F"),_xlfn._xlws.FILTER('Standings Data'!$K$2:$K$49,'Standings Data'!$A$2:$A$49="F"),1),4,2),"")} -> 3 | C41: {=IFERROR(INDEX(_xlfn.SORTBY(_xlfn._xlws.FILTER('Standings Data'!$B$2:$M$49,'Standings Data'!$A$2:$A$49="F"),_xlfn._xlws.FILTER('Standings Data'!$K$2:$K$49,'Standings Data'!$A$2:$A$49="F"),1),4,3),"")} -> 0 | D41: {=IFERROR(INDEX(_xlfn.SORTBY(_xlfn._xlws.FILTER('Standings Data'!$B$2:$M$49,'Standings Data'!$A$2:$A$49="F"),_xlfn._xlws.FILTER('Standings Data'!$K$2:$K$49,'Standings Data'!$A$2:$A$49="F"),1),4,4),"")} -> 0 | E41: {=IFERROR(INDEX(_xlfn.SORTBY(_xlfn._xlws.FILTER('Standings Data'!$B$2:$M$49,'Standings Data'!$A$2:$A$49="F"),_xlfn._xlws.FILTER('Standings Data'!$K$2:$K$49,'Standings Data'!$A$2:$A$49="F"),1),4,5),"")} -> 3 | F41: {=IFERROR(INDEX(_xlfn.SORTBY(_xlfn._xlws.FILTER('Standings Data'!$B$2:$M$49,'Standings Data'!$A$2:$A$49="F"),_xlfn._xlws.FILTER('Standings Data'!$K$2:$K$49,'Standings Data'!$A$2:$A$49="F"),1),4,6),"")} -> 2 | G41: {=IFERROR(INDEX(_xlfn.SORTBY(_xlfn._xlws.FILTER('Standings Data'!$B$2:$M$49,'Standings Data'!$A$2:$A$49="F"),_xlfn._xlws.FILTER('Standings Data'!$K$2:$K$49,'Standings Data'!$A$2:$A$49="F"),1),4,7),"")} -> 12 | H41: {=IFERROR(INDEX(_xlfn.SORTBY(_xlfn._xlws.FILTER('Standings Data'!$B$2:$M$49,'Standings Data'!$A$2:$A$49="F"),_xlfn._xlws.FILTER('Standings Data'!$K$2:$K$49,'Standings Data'!$A$2:$A$49="F"),1),4,8),"")} -> -10 | I41: {=IFERROR(INDEX(_xlfn.SORTBY(_xlfn._xlws.FILTER('Standings Data'!$B$2:$M$49,'Standings Data'!$A$2:$A$49="F"),_xlfn._xlws.FILTER('Standings Data'!$K$2:$K$49,'Standings Data'!$A$2:$A$49="F"),1),4,9),"")} -> 0 | J41: {=IFERROR(INDEX(_xlfn.SORTBY(_xlfn._xlws.FILTER('Standings Data'!$B$2:$M$49,'Standings Data'!$A$2:$A$49="F"),_xlfn._xlws.FILTER('Standings Data'!$K$2:$K$49,'Standings Data'!$A$2:$A$49="F"),1),4,10),"")} -> 4 | K41: {=IFERROR(INDEX(_xlfn.SORTBY(_xlfn._xlws.FILTER('Standings Data'!$B$2:$M$49,'Standings Data'!$A$2:$A$49="F"),_xlfn._xlws.FILTER('Standings Data'!$K$2:$K$49,'Standings Data'!$A$2:$A$49="F"),1),4,11),"")} -> F4 | L41: {=IFERROR(INDEX(_xlfn.SORTBY(_xlfn._xlws.FILTER('Standings Data'!$B$2:$M$49,'Standings Data'!$A$2:$A$49="F"),_xlfn._xlws.FILTER('Standings Data'!$K$2:$K$49,'Standings Data'!$A$2:$A$49="F"),1),4,12),"")} | O41: {=IFERROR(INDEX(_xlfn.SORTBY(_xlfn._xlws.FILTER('Standings Data'!$B$2:$M$49,'Standings Data'!$A$2:$A$49="L"),_xlfn._xlws.FILTER('Standings Data'!$K$2:$K$49,'Standings Data'!$A$2:$A$49="L"),1),4,1),"")} -> Panama | P41: {=IFERROR(INDEX(_xlfn.SORTBY(_xlfn._xlws.FILTER('Standings Data'!$B$2:$M$49,'Standings Data'!$A$2:$A$49="L"),_xlfn._xlws.FILTER('Standings Data'!$K$2:$K$49,'Standings Data'!$A$2:$A$49="L"),1),4,2),"")} -> 3 | Q41: {=IFERROR(INDEX(_xlfn.SORTBY(_xlfn._xlws.FILTER('Standings Data'!$B$2:$M$49,'Standings Data'!$A$2:$A$49="L"),_xlfn._xlws.FILTER('Standings Data'!$K$2:$K$49,'Standings Data'!$A$2:$A$49="L"),1),4,3),"")} -> 0 | R41: {=IFERROR(INDEX(_xlfn.SORTBY(_xlfn._xlws.FILTER('Standings Data'!$B$2:$M$49,'Standings Data'!$A$2:$A$49="L"),_xlfn._xlws.FILTER('Standings Data'!$K$2:$K$49,'Standings Data'!$A$2:$A$49="L"),1),4,4),"")} -> 0 | S41: {=IFERROR(INDEX(_xlfn.SORTBY(_xlfn._xlws.FILTER('Standings Data'!$B$2:$M$49,'Standings Data'!$A$2:$A$49="L"),_xlfn._xlws.FILTER('Standings Data'!$K$2:$K$49,'Standings Data'!$A$2:$A$49="L"),1),4,5),"")} -> 3 | T41: {=IFERROR(INDEX(_xlfn.SORTBY(_xlfn._xlws.FILTER('Standings Data'!$B$2:$M$49,'Standings Data'!$A$2:$A$49="L"),_xlfn._xlws.FILTER('Standings Data'!$K$2:$K$49,'Standings Data'!$A$2:$A$49="L"),1),4,6),"")} -> 0 | U41: {=IFERROR(INDEX(_xlfn.SORTBY(_xlfn._xlws.FILTER('Standings Data'!$B$2:$M$49,'Standings Data'!$A$2:$A$49="L"),_xlfn._xlws.FILTER('Standings Data'!$K$2:$K$49,'Standings Data'!$A$2:$A$49="L"),1),4,7),"")} -> 4 | V41: {=IFERROR(INDEX(_xlfn.SORTBY(_xlfn._xlws.FILTER('Standings Data'!$B$2:$M$49,'Standings Data'!$A$2:$A$49="L"),_xlfn._xlws.FILTER('Standings Data'!$K$2:$K$49,'Standings Data'!$A$2:$A$49="L"),1),4,8),"")} -> -4 | W41: {=IFERROR(INDEX(_xlfn.SORTBY(_xlfn._xlws.FILTER('Standings Data'!$B$2:$M$49,'Standings Data'!$A$2:$A$49="L"),_xlfn._xlws.FILTER('Standings Data'!$K$2:$K$49,'Standings Data'!$A$2:$A$49="L"),1),4,9),"")} -> 0 | X41: {=IFERROR(INDEX(_xlfn.SORTBY(_xlfn._xlws.FILTER('Standings Data'!$B$2:$M$49,'Standings Data'!$A$2:$A$49="L"),_xlfn._xlws.FILTER('Standings Data'!$K$2:$K$49,'Standings Data'!$A$2:$A$49="L"),1),4,10),"")} -> 4 | Y41: {=IFERROR(INDEX(_xlfn.SORTBY(_xlfn._xlws.FILTER('Standings Data'!$B$2:$M$49,'Standings Data'!$A$2:$A$49="L"),_xlfn._xlws.FILTER('Standings Data'!$K$2:$K$49,'Standings Data'!$A$2:$A$49="L"),1),4,11),"")} -> L4 | Z41: {=IFERROR(INDEX(_xlfn.SORTBY(_xlfn._xlws.FILTER('Standings Data'!$B$2:$M$49,'Standings Data'!$A$2:$A$49="L"),_xlfn._xlws.FILTER('Standings Data'!$K$2:$K$49,'Standings Data'!$A$2:$A$49="L"),1),4,12),"")}
A43: Tables above are linked to the hidden calculation sheet so match results continue to update standings automatically.

Sheet Matches
A1: Match # | B1: Date | C1: Stage | D1: Group | E1: Team 1 | F1: Team 2 | G1: Team 1 Goals | H1: Team 2 Goals | I1: Played? | J1: Winner | K1: Venue | L1: Notes
A2: 1 | B2: 46184 | C2: Group stage | D2: A | E2: Mexico | F2: South Africa | G2: 2 | H2: 0 | I2: =AND(ISNUMBER(Matches[[#This Row],[Team 1 Goals]]),ISNUMBER(Matches[[#This Row],[Team 2 Goals]])) -> TRUE | J2: =IF(NOT(Matches[[#This Row],[Played?]]),"",IF(Matches[[#This Row],[Team 1 Goals]]>Matches[[#This Row],[Team 2 Goals]],Matches[[#This Row],[Team 1]],IF(Matches[[#This Row],[Team 2 Goals]]>Matches[[#This Row],[Team 1 Goals]],Matches[[#This Row],[Team 2]],"Draw"))) -> Mexico | K2: Mexico City Stadium
A3: 2 | B3: 46184 | C3: Group stage | D3: A | E3: Korea Republic | F3: Czechia | G3: 2 | H3: 1 | I3: =AND(ISNUMBER(Matches[[#This Row],[Team 1 Goals]]),ISNUMBER(Matches[[#This Row],[Team 2 Goals]])) -> TRUE | J3: =IF(NOT(Matches[[#This Row],[Played?]]),"",IF(Matches[[#This Row],[Team 1 Goals]]>Matches[[#This Row],[Team 2 Goals]],Matches[[#This Row],[Team 1]],IF(Matches[[#This Row],[Team 2 Goals]]>Matches[[#This Row],[Team 1 Goals]],Matches[[#This Row],[Team 2]],"Draw"))) -> Korea Republic | K3: Guadalajara Stadium
A4: 3 | B4: 46185 | C4: Group stage | D4: B | E4: Canada | F4: Bosnia and Herzegovina | G4: 1 | H4: 1 | I4: =AND(ISNUMBER(Matches[[#This Row],[Team 1 Goals]]),ISNUMBER(Matches[[#This Row],[Team 2 Goals]])) -> TRUE | J4: =IF(NOT(Matches[[#This Row],[Played?]]),"",IF(Matches[[#This Row],[Team 1 Goals]]>Matches[[#This Row],[Team 2 Goals]],Matches[[#This Row],[Team 1]],IF(Matches[[#This Row],[Team 2 Goals]]>Matches[[#This Row],[Team 1 Goals]],Matches[[#This Row],[Team 2]],"Draw"))) -> Draw | K4: Toronto Stadium
A5: 4 | B5: 46185 | C5: Group stage | D5: D | E5: USA | F5: Paraguay | G5: 4 | H5: 1 | I5: =AND(ISNUMBER(Matches[[#This Row],[Team 1 Goals]]),ISNUMBER(Matches[[#This Row],[Team 2 Goals]])) -> TRUE | J5: =IF(NOT(Matches[[#This Row],[Played?]]),"",IF(Matches[[#This Row],[Team 1 Goals]]>Matches[[#This Row],[Team 2 Goals]],Matches[[#This Row],[Team 1]],IF(Matches[[#This Row],[Team 2 Goals]]>Matches[[#This Row],[Team 1 Goals]],Matches[[#This Row],[Team 2]],"Draw"))) -> USA | K5: Los Angeles Stadium
A6: 5 | B6: 46186 | C6: Group stage | D6: C | E6: Haiti | F6: Scotland | G6: 0 | H6: 1 | I6: =AND(ISNUMBER(Matches[[#This Row],[Team 1 Goals]]),ISNUMBER(Matches[[#This Row],[Team 2 Goals]])) -> TRUE | J6: =IF(NOT(Matches[[#This Row],[Played?]]),"",IF(Matches[[#This Row],[Team 1 Goals]]>Matches[[#This Row],[Team 2 Goals]],Matches[[#This Row],[Team 1]],IF(Matches[[#This Row],[Team 2 Goals]]>Matches[[#This Row],[Team 1 Goals]],Matches[[#This Row],[Team 2]],"Draw"))) -> Scotland | K6: Boston Stadium
A7: 6 | B7: 46186 | C7: Group stage | D7: D | E7: Australia | F7: Türkiye | G7: 2 | H7: 0 | I7: =AND(ISNUMBER(Matches[[#This Row],[Team 1 Goals]]),ISNUMBER(Matches[[#This Row],[Team 2 Goals]])) -> TRUE | J7: =IF(NOT(Matches[[#This Row],[Played?]]),"",IF(Matches[[#This Row],[Team 1 Goals]]>Matches[[#This Row],[Team 2 Goals]],Matches[[#This Row],[Team 1]],IF(Matches[[#This Row],[Team 2 Goals]]>Matches[[#This Row],[Team 1 Goals]],Matches[[#This Row],[Team 2]],"Draw"))) -> Australia | K7: BC Place Vancouver
A8: 7 | B8: 46186 | C8: Group stage | D8: C | E8: Brazil | F8: Morocco | G8: 1 | H8: 1 | I8: =AND(ISNUMBER(Matches[[#This Row],[Team 1 Goals]]),ISNUMBER(Matches[[#This Row],[Team 2 Goals]])) -> TRUE | J8: =IF(NOT(Matches[[#This Row],[Played?]]),"",IF(Matches[[#This Row],[Team 1 Goals]]>Matches[[#This Row],[Team 2 Goals]],Matches[[#This Row],[Team 1]],IF(Matches[[#This Row],[Team 2 Goals]]>Matches[[#This Row],[Team 1 Goals]],Matches[[#This Row],[Team 2]],"Draw"))) -> Draw | K8: New York New Jersey Stadium
A9: 8 | B9: 46186 | C9: Group stage | D9: B | E9: Qatar | F9: Switzerland | G9: 1 | H9: 1 | I9: =AND(ISNUMBER(Matches[[#This Row],[Team 1 Goals]]),ISNUMBER(Matches[[#This Row],[Team 2 Goals]])) -> TRUE | J9: =IF(NOT(Matches[[#This Row],[Played?]]),"",IF(Matches[[#This Row],[Team 1 Goals]]>Matches[[#This Row],[Team 2 Goals]],Matches[[#This Row],[Team 1]],IF(Matches[[#This Row],[Team 2 Goals]]>Matches[[#This Row],[Team 1 Goals]],Matches[[#This Row],[Team 2]],"Draw"))) -> Draw | K9: San Francisco Bay Area Stadium
A10: 9 | B10: 46187 | C10: Group stage | D10: E | E10: Côte d'Ivoire | F10: Ecuador | G10: 1 | H10: 0 | I10: =AND(ISNUMBER(Matches[[#This Row],[Team 1 Goals]]),ISNUMBER(Matches[[#This Row],[Team 2 Goals]])) -> TRUE | J10: =IF(NOT(Matches[[#This Row],[Played?]]),"",IF(Matches[[#This Row],[Team 1 Goals]]>Matches[[#This Row],[Team 2 Goals]],Matches[[#This Row],[Team 1]],IF(Matches[[#This Row],[Team 2 Goals]]>Matches[[#This Row],[Team 1 Goals]],Matches[[#This Row],[Team 2]],"Draw"))) -> Côte d'Ivoire | K10: Philadelphia Stadium
A11: 10 | B11: 46187 | C11: Group stage | D11: E | E11: Germany | F11: Curaçao | G11: 7 | H11: 1 | I11: =AND(ISNUMBER(Matches[[#This Row],[Team 1 Goals]]),ISNUMBER(Matches[[#This Row],[Team 2 Goals]])) -> TRUE | J11: =IF(NOT(Matches[[#This Row],[Played?]]),"",IF(Matches[[#This Row],[Team 1 Goals]]>Matches[[#This Row],[Team 2 Goals]],Matches[[#This Row],[Team 1]],IF(Matches[[#This Row],[Team 2 Goals]]>Matches[[#This Row],[Team 1 Goals]],Matches[[#This Row],[Team 2]],"Draw"))) -> Germany | K11: Houston Stadium
A12: 11 | B12: 46187 | C12: Group stage | D12: F | E12: Netherlands | F12: Japan | G12: 2 | H12: 2 | I12: =AND(ISNUMBER(Matches[[#This Row],[Team 1 Goals]]),ISNUMBER(Matches[[#This Row],[Team 2 Goals]])) -> TRUE | J12: =IF(NOT(Matches[[#This Row],[Played?]]),"",IF(Matches[[#This Row],[Team 1 Goals]]>Matches[[#This Row],[Team 2 Goals]],Matches[[#This Row],[Team 1]],IF(Matches[[#This Row],[Team 2 Goals]]>Matches[[#This Row],[Team 1 Goals]],Matches[[#This Row],[Team 2]],"Draw"))) -> Draw | K12: Dallas Stadium
A13: 12 | B13: 46187 | C13: Group stage | D13: F | E13: Sweden | F13: Tunisia | G13: 5 | H13: 1 | I13: =AND(ISNUMBER(Matches[[#This Row],[Team 1 Goals]]),ISNUMBER(Matches[[#This Row],[Team 2 Goals]])) -> TRUE | J13: =IF(NOT(Matches[[#This Row],[Played?]]),"",IF(Matches[[#This Row],[Team 1 Goals]]>Matches[[#This Row],[Team 2 Goals]],Matches[[#This Row],[Team 1]],IF(Matches[[#This Row],[Team 2 Goals]]>Matches[[#This Row],[Team 1 Goals]],Matches[[#This Row],[Team 2]],"Draw"))) -> Sweden | K13: Estadio Monterrey
... A73: 72 | B73: 46200 | C73: Group stage | D73: K | E73: Congo DR | F73: Uzbekistan | G73: 3 | H73: 1 | I73: =AND(ISNUMBER(Matches[[#This Row],[Team 1 Goals]]),ISNUMBER(Matches[[#This Row],[Team 2 Goals]])) -> TRUE | J73: =IF(NOT(Matches[[#This Row],[Played?]]),"",IF(Matches[[#This Row],[Team 1 Goals]]>Matches[[#This Row],[Team 2 Goals]],Matches[[#This Row],[Team 1]],IF(Matches[[#This Row],[Team 2 Goals]]>Matches[[#This Row],[Team 1 Goals]],Matches[[#This Row],[Team 2]],"Draw"))) -> Congo DR | K73: Atlanta Stadium

Sheet Standings Data
A1: Group | B1: Team | C1: Pld | D1: W | E1: D | F1: L | G1: GF | H1: GA | I1: GD | J1: Pts | K1: Rank | L1: Position | M1: Advance Status | O1: Third-place ranking | P1: Team | Q1: Group | R1: Pts | S1: GD | T1: GF | U1: Status
A2: A | B2: Mexico | C2: =COUNTIFS(Matches!$D$2:$D$73,A2,Matches!$E$2:$E$73,B2,Matches!$I$2:$I$73,TRUE)+COUNTIFS(Matches!$D$2:$D$73,A2,Matches!$F$2:$F$73,B2,Matches!$I$2:$I$73,TRUE) -> 3 | D2: {=SUMPRODUCT((Matches!$D$2:$D$73=A2)*(Matches!$I$2:$I$73=TRUE)*(((Matches!$E$2:$E$73=B2)*(Matches!$G$2:$G$73>Matches!$H$2:$H$73))+((Matches!$F$2:$F$73=B2)*(Matches!$H$2:$H$73>Matches!$G$2:$G$73))))} -> 3 | E2: {=SUMPRODUCT((Matches!$D$2:$D$73=A2)*(Matches!$I$2:$I$73=TRUE)*((Matches!$E$2:$E$73=B2)+(Matches!$F$2:$F$73=B2))*(Matches!$G$2:$G$73=Matches!$H$2:$H$73))} -> 0 | F2: =C2-D2-E2 -> 0 | G2: =SUMIFS(Matches!$G$2:$G$73,Matches!$D$2:$D$73,A2,Matches!$E$2:$E$73,B2)+SUMIFS(Matches!$H$2:$H$73,Matches!$D$2:$D$73,A2,Matches!$F$2:$F$73,B2) -> 6 | H2: =SUMIFS(Matches!$H$2:$H$73,Matches!$D$2:$D$73,A2,Matches!$E$2:$E$73,B2)+SUMIFS(Matches!$G$2:$G$73,Matches!$D$2:$D$73,A2,Matches!$F$2:$F$73,B2) -> 0 | I2: =G2-H2 -> 6 | J2: =D2*3+E2 -> 9 | K2: {=1+SUMPRODUCT(($A$2:$A$49=A2)*(($J$2:$J$49>J2)+(($J$2:$J$49=J2)*($I$2:$I$49>I2))+(($J$2:$J$49=J2)*($I$2:$I$49=I2)*($G$2:$G$49>G2))))} -> 1 | L2: =A2&K2 -> A1 | M2: =IF(K2<=2,"Qualified",IF(K2=3,"Third-place pool","")) -> Qualified | O2: 1 | P2: {=IFERROR(INDEX(_xlfn._xlws.FILTER($B$2:$B$49,($A$2:$A$49="A")*($K$2:$K$49=3)),1),"")} -> Korea Republic | Q2: A | R2: =IFERROR(_xlfn.XLOOKUP(P2,$B$2:$B$49,$J$2:$J$49),"") -> 3 | S2: =IFERROR(_xlfn.XLOOKUP(P2,$B$2:$B$49,$I$2:$I$49),"") -> -1 | T2: =IFERROR(_xlfn.XLOOKUP(P2,$B$2:$B$49,$G$2:$G$49),"") -> 2 | U2: =IF(P2="","",IF(COUNTIF($R$2:$R$13,">"&R2)<8,"Likely advances","Watch")) -> Likely advances
A3: A | B3: South Africa | C3: =COUNTIFS(Matches!$D$2:$D$73,A3,Matches!$E$2:$E$73,B3,Matches!$I$2:$I$73,TRUE)+COUNTIFS(Matches!$D$2:$D$73,A3,Matches!$F$2:$F$73,B3,Matches!$I$2:$I$73,TRUE) -> 3 | D3: {=SUMPRODUCT((Matches!$D$2:$D$73=A3)*(Matches!$I$2:$I$73=TRUE)*(((Matches!$E$2:$E$73=B3)*(Matches!$G$2:$G$73>Matches!$H$2:$H$73))+((Matches!$F$2:$F$73=B3)*(Matches!$H$2:$H$73>Matches!$G$2:$G$73))))} -> 1 | E3: {=SUMPRODUCT((Matches!$D$2:$D$73=A3)*(Matches!$I$2:$I$73=TRUE)*((Matches!$E$2:$E$73=B3)+(Matches!$F$2:$F$73=B3))*(Matches!$G$2:$G$73=Matches!$H$2:$H$73))} -> 1 | F3: =C3-D3-E3 -> 1 | G3: =SUMIFS(Matches!$G$2:$G$73,Matches!$D$2:$D$73,A3,Matches!$E$2:$E$73,B3)+SUMIFS(Matches!$H$2:$H$73,Matches!$D$2:$D$73,A3,Matches!$F$2:$F$73,B3) -> 2 | H3: =SUMIFS(Matches!$H$2:$H$73,Matches!$D$2:$D$73,A3,Matches!$E$2:$E$73,B3)+SUMIFS(Matches!$G$2:$G$73,Matches!$D$2:$D$73,A3,Matches!$F$2:$F$73,B3) -> 3 | I3: =G3-H3 -> -1 | J3: =D3*3+E3 -> 4 | K3: {=1+SUMPRODUCT(($A$2:$A$49=A3)*(($J$2:$J$49>J3)+(($J$2:$J$49=J3)*($I$2:$I$49>I3))+(($J$2:$J$49=J3)*($I$2:$I$49=I3)*($G$2:$G$49>G3))))} -> 2 | L3: =A3&K3 -> A2 | M3: =IF(K3<=2,"Qualified",IF(K3=3,"Third-place pool","")) -> Qualified | O3: 2 | P3: {=IFERROR(INDEX(_xlfn._xlws.FILTER($B$2:$B$49,($A$2:$A$49="B")*($K$2:$K$49=3)),1),"")} -> Bosnia and Herzegovina | Q3: B | R3: =IFERROR(_xlfn.XLOOKUP(P3,$B$2:$B$49,$J$2:$J$49),"") -> 4 | S3: =IFERROR(_xlfn.XLOOKUP(P3,$B$2:$B$49,$I$2:$I$49),"") -> -1 | T3: =IFERROR(_xlfn.XLOOKUP(P3,$B$2:$B$49,$G$2:$G$49),"") -> 5 | U3: =IF(P3="","",IF(COUNTIF($R$2:$R$13,">"&R3)<8,"Likely advances","Watch")) -> Likely advances
A4: A | B4: Korea Republic | C4: =COUNTIFS(Matches!$D$2:$D$73,A4,Matches!$E$2:$E$73,B4,Matches!$I$2:$I$73,TRUE)+COUNTIFS(Matches!$D$2:$D$73,A4,Matches!$F$2:$F$73,B4,Matches!$I$2:$I$73,TRUE) -> 3 | D4: {=SUMPRODUCT((Matches!$D$2:$D$73=A4)*(Matches!$I$2:$I$73=TRUE)*(((Matches!$E$2:$E$73=B4)*(Matches!$G$2:$G$73>Matches!$H$2:$H$73))+((Matches!$F$2:$F$73=B4)*(Matches!$H$2:$H$73>Matches!$G$2:$G$73))))} -> 1 | E4: {=SUMPRODUCT((Matches!$D$2:$D$73=A4)*(Matches!$I$2:$I$73=TRUE)*((Matches!$E$2:$E$73=B4)+(Matches!$F$2:$F$73=B4))*(Matches!$G$2:$G$73=Matches!$H$2:$H$73))} -> 0 | F4: =C4-D4-E4 -> 2 | G4: =SUMIFS(Matches!$G$2:$G$73,Matches!$D$2:$D$73,A4,Matches!$E$2:$E$73,B4)+SUMIFS(Matches!$H$2:$H$73,Matches!$D$2:$D$73,A4,Matches!$F$2:$F$73,B4) -> 2 | H4: =SUMIFS(Matches!$H$2:$H$73,Matches!$D$2:$D$73,A4,Matches!$E$2:$E$73,B4)+SUMIFS(Matches!$G$2:$G$73,Matches!$D$2:$D$73,A4,Matches!$F$2:$F$73,B4) -> 3 | I4: =G4-H4 -> -1 | J4: =D4*3+E4 -> 3 | K4: {=1+SUMPRODUCT(($A$2:$A$49=A4)*(($J$2:$J$49>J4)+(($J$2:$J$49=J4)*($I$2:$I$49>I4))+(($J$2:$J$49=J4)*($I$2:$I$49=I4)*($G$2:$G$49>G4))))} -> 3 | L4: =A4&K4 -> A3 | M4: =IF(K4<=2,"Qualified",IF(K4=3,"Third-place pool","")) -> Third-place pool | O4: 3 | P4: {=IFERROR(INDEX(_xlfn._xlws.FILTER($B$2:$B$49,($A$2:$A$49="C")*($K$2:$K$49=3)),1),"")} -> Scotland | Q4: C | R4: =IFERROR(_xlfn.XLOOKUP(P4,$B$2:$B$49,$J$2:$J$49),"") -> 3 | S4: =IFERROR(_xlfn.XLOOKUP(P4,$B$2:$B$49,$I$2:$I$49),"") -> -3 | T4: =IFERROR(_xlfn.XLOOKUP(P4,$B$2:$B$49,$G$2:$G$49),"") -> 1 | U4: =IF(P4="","",IF(COUNTIF($R$2:$R$13,">"&R4)<8,"Likely advances","Watch")) -> Likely advances
A5: A | B5: Czechia | C5: =COUNTIFS(Matches!$D$2:$D$73,A5,Matches!$E$2:$E$73,B5,Matches!$I$2:$I$73,TRUE)+COUNTIFS(Matches!$D$2:$D$73,A5,Matches!$F$2:$F$73,B5,Matches!$I$2:$I$73,TRUE) -> 3 | D5: {=SUMPRODUCT((Matches!$D$2:$D$73=A5)*(Matches!$I$2:$I$73=TRUE)*(((Matches!$E$2:$E$73=B5)*(Matches!$G$2:$G$73>Matches!$H$2:$H$73))+((Matches!$F$2:$F$73=B5)*(Matches!$H$2:$H$73>Matches!$G$2:$G$73))))} -> 0 | E5: {=SUMPRODUCT((Matches!$D$2:$D$73=A5)*(Matches!$I$2:$I$73=TRUE)*((Matches!$E$2:$E$73=B5)+(Matches!$F$2:$F$73=B5))*(Matches!$G$2:$G$73=Matches!$H$2:$H$73))} -> 1 | F5: =C5-D5-E5 -> 2 | G5: =SUMIFS(Matches!$G$2:$G$73,Matches!$D$2:$D$73,A5,Matches!$E$2:$E$73,B5)+SUMIFS(Matches!$H$2:$H$73,Matches!$D$2:$D$73,A5,Matches!$F$2:$F$73,B5) -> 2 | H5: =SUMIFS(Matches!$H$2:$H$73,Matches!$D$2:$D$73,A5,Matches!$E$2:$E$73,B5)+SUMIFS(Matches!$G$2:$G$73,Matches!$D$2:$D$73,A5,Matches!$F$2:$F$73,B5) -> 6 | I5: =G5-H5 -> -4 | J5: =D5*3+E5 -> 1 | K5: {=1+SUMPRODUCT(($A$2:$A$49=A5)*(($J$2:$J$49>J5)+(($J$2:$J$49=J5)*($I$2:$I$49>I5))+(($J$2:$J$49=J5)*($I$2:$I$49=I5)*($G$2:$G$49>G5))))} -> 4 | L5: =A5&K5 -> A4 | M5: =IF(K5<=2,"Qualified",IF(K5=3,"Third-place pool","")) | O5: 4 | P5: {=IFERROR(INDEX(_xlfn._xlws.FILTER($B$2:$B$49,($A$2:$A$49="D")*($K$2:$K$49=3)),1),"")} -> Paraguay | Q5: D | R5: =IFERROR(_xlfn.XLOOKUP(P5,$B$2:$B$49,$J$2:$J$49),"") -> 4 | S5: =IFERROR(_xlfn.XLOOKUP(P5,$B$2:$B$49,$I$2:$I$49),"") -> -2 | T5: =IFERROR(_xlfn.XLOOKUP(P5,$B$2:$B$49,$G$2:$G$49),"") -> 2 | U5: =IF(P5="","",IF(COUNTIF($R$2:$R$13,">"&R5)<8,"Likely advances","Watch")) -> Likely advances
A6: B | B6: Canada | C6: =COUNTIFS(Matches!$D$2:$D$73,A6,Matches!$E$2:$E$73,B6,Matches!$I$2:$I$73,TRUE)+COUNTIFS(Matches!$D$2:$D$73,A6,Matches!$F$2:$F$73,B6,Matches!$I$2:$I$73,TRUE) -> 3 | D6: {=SUMPRODUCT((Matches!$D$2:$D$73=A6)*(Matches!$I$2:$I$73=TRUE)*(((Matches!$E$2:$E$73=B6)*(Matches!$G$2:$G$73>Matches!$H$2:$H$73))+((Matches!$F$2:$F$73=B6)*(Matches!$H$2:$H$73>Matches!$G$2:$G$73))))} -> 1 | E6: {=SUMPRODUCT((Matches!$D$2:$D$73=A6)*(Matches!$I$2:$I$73=TRUE)*((Matches!$E$2:$E$73=B6)+(Matches!$F$2:$F$73=B6))*(Matches!$G$2:$G$73=Matches!$H$2:$H$73))} -> 1 | F6: =C6-D6-E6 -> 1 | G6: =SUMIFS(Matches!$G$2:$G$73,Matches!$D$2:$D$73,A6,Matches!$E$2:$E$73,B6)+SUMIFS(Matches!$H$2:$H$73,Matches!$D$2:$D$73,A6,Matches!$F$2:$F$73,B6) -> 8 | H6: =SUMIFS(Matches!$H$2:$H$73,Matches!$D$2:$D$73,A6,Matches!$E$2:$E$73,B6)+SUMIFS(Matches!$G$2:$G$73,Matches!$D$2:$D$73,A6,Matches!$F$2:$F$73,B6) -> 3 | I6: =G6-H6 -> 5 | J6: =D6*3+E6 -> 4 | K6: {=1+SUMPRODUCT(($A$2:$A$49=A6)*(($J$2:$J$49>J6)+(($J$2:$J$49=J6)*($I$2:$I$49>I6))+(($J$2:$J$49=J6)*($I$2:$I$49=I6)*($G$2:$G$49>G6))))} -> 2 | L6: =A6&K6 -> B2 | M6: =IF(K6<=2,"Qualified",IF(K6=3,"Third-place pool","")) -> Qualified | O6: 5 | P6: {=IFERROR(INDEX(_xlfn._xlws.FILTER($B$2:$B$49,($A$2:$A$49="E")*($K$2:$K$49=3)),1),"")} -> Ecuador | Q6: E | R6: =IFERROR(_xlfn.XLOOKUP(P6,$B$2:$B$49,$J$2:$J$49),"") -> 4 | S6: =IFERROR(_xlfn.XLOOKUP(P6,$B$2:$B$49,$I$2:$I$49),"") -> 0 | T6: =IFERROR(_xlfn.XLOOKUP(P6,$B$2:$B$49,$G$2:$G$49),"") -> 2 | U6: =IF(P6="","",IF(COUNTIF($R$2:$R$13,">"&R6)<8,"Likely advances","Watch")) -> Likely advances
A7: B | B7: Bosnia and Herzegovina | C7: =COUNTIFS(Matches!$D$2:$D$73,A7,Matches!$E$2:$E$73,B7,Matches!$I$2:$I$73,TRUE)+COUNTIFS(Matches!$D$2:$D$73,A7,Matches!$F$2:$F$73,B7,Matches!$I$2:$I$73,TRUE) -> 3 | D7: {=SUMPRODUCT((Matches!$D$2:$D$73=A7)*(Matches!$I$2:$I$73=TRUE)*(((Matches!$E$2:$E$73=B7)*(Matches!$G$2:$G$73>Matches!$H$2:$H$73))+((Matches!$F$2:$F$73=B7)*(Matches!$H$2:$H$73>Matches!$G$2:$G$73))))} -> 1 | E7: {=SUMPRODUCT((Matches!$D$2:$D$73=A7)*(Matches!$I$2:$I$73=TRUE)*((Matches!$E$2:$E$73=B7)+(Matches!$F$2:$F$73=B7))*(Matches!$G$2:$G$73=Matches!$H$2:$H$73))} -> 1 | F7: =C7-D7-E7 -> 1 | G7: =SUMIFS(Matches!$G$2:$G$73,Matches!$D$2:$D$73,A7,Matches!$E$2:$E$73,B7)+SUMIFS(Matches!$H$2:$H$73,Matches!$D$2:$D$73,A7,Matches!$F$2:$F$73,B7) -> 5 | H7: =SUMIFS(Matches!$H$2:$H$73,Matches!$D$2:$D$73,A7,Matches!$E$2:$E$73,B7)+SUMIFS(Matches!$G$2:$G$73,Matches!$D$2:$D$73,A7,Matches!$F$2:$F$73,B7) -> 6 | I7: =G7-H7 -> -1 | J7: =D7*3+E7 -> 4 | K7: {=1+SUMPRODUCT(($A$2:$A$49=A7)*(($J$2:$J$49>J7)+(($J$2:$J$49=J7)*($I$2:$I$49>I7))+(($J$2:$J$49=J7)*($I$2:$I$49=I7)*($G$2:$G$49>G7))))} -> 3 | L7: =A7&K7 -> B3 | M7: =IF(K7<=2,"Qualified",IF(K7=3,"Third-place pool","")) -> Third-place pool | O7: 6 | P7: {=IFERROR(INDEX(_xlfn._xlws.FILTER($B$2:$B$49,($A$2:$A$49="F")*($K$2:$K$49=3)),1),"")} -> Sweden | Q7: F | R7: =IFERROR(_xlfn.XLOOKUP(P7,$B$2:$B$49,$J$2:$J$49),"") -> 4 | S7: =IFERROR(_xlfn.XLOOKUP(P7,$B$2:$B$49,$I$2:$I$49),"") -> 0 | T7: =IFERROR(_xlfn.XLOOKUP(P7,$B$2:$B$49,$G$2:$G$49),"") -> 7 | U7: =IF(P7="","",IF(COUNTIF($R$2:$R$13,">"&R7)<8,"Likely advances","Watch")) -> Likely advances
A8: B | B8: Qatar | C8: =COUNTIFS(Matches!$D$2:$D$73,A8,Matches!$E$2:$E$73,B8,Matches!$I$2:$I$73,TRUE)+COUNTIFS(Matches!$D$2:$D$73,A8,Matches!$F$2:$F$73,B8,Matches!$I$2:$I$73,TRUE) -> 3 | D8: {=SUMPRODUCT((Matches!$D$2:$D$73=A8)*(Matches!$I$2:$I$73=TRUE)*(((Matches!$E$2:$E$73=B8)*(Matches!$G$2:$G$73>Matches!$H$2:$H$73))+((Matches!$F$2:$F$73=B8)*(Matches!$H$2:$H$73>Matches!$G$2:$G$73))))} -> 0 | E8: {=SUMPRODUCT((Matches!$D$2:$D$73=A8)*(Matches!$I$2:$I$73=TRUE)*((Matches!$E$2:$E$73=B8)+(Matches!$F$2:$F$73=B8))*(Matches!$G$2:$G$73=Matches!$H$2:$H$73))} -> 1 | F8: =C8-D8-E8 -> 2 | G8: =SUMIFS(Matches!$G$2:$G$73,Matches!$D$2:$D$73,A8,Matches!$E$2:$E$73,B8)+SUMIFS(Matches!$H$2:$H$73,Matches!$D$2:$D$73,A8,Matches!$F$2:$F$73,B8) -> 2 | H8: =SUMIFS(Matches!$H$2:$H$73,Matches!$D$2:$D$73,A8,Matches!$E$2:$E$73,B8)+SUMIFS(Matches!$G$2:$G$73,Matches!$D$2:$D$73,A8,Matches!$F$2:$F$73,B8) -> 10 | I8: =G8-H8 -> -8 | J8: =D8*3+E8 -> 1 | K8: {=1+SUMPRODUCT(($A$2:$A$49=A8)*(($J$2:$J$49>J8)+(($J$2:$J$49=J8)*($I$2:$I$49>I8))+(($J$2:$J$49=J8)*($I$2:$I$49=I8)*($G$2:$G$49>G8))))} -> 4 | L8: =A8&K8 -> B4 | M8: =IF(K8<=2,"Qualified",IF(K8=3,"Third-place pool","")) | O8: 7 | P8: {=IFERROR(INDEX(_xlfn._xlws.FILTER($B$2:$B$49,($A$2:$A$49="G")*($K$2:$K$49=3)),1),"")} -> IR Iran | Q8: G | R8: =IFERROR(_xlfn.XLOOKUP(P8,$B$2:$B$49,$J$2:$J$49),"") -> 3 | S8: =IFERROR(_xlfn.XLOOKUP(P8,$B$2:$B$49,$I$2:$I$49),"") -> 0 | T8: =IFERROR(_xlfn.XLOOKUP(P8,$B$2:$B$49,$G$2:$G$49),"") -> 3 | U8: =IF(P8="","",IF(COUNTIF($R$2:$R$13,">"&R8)<8,"Likely advances","Watch")) -> Likely advances
A9: B | B9: Switzerland | C9: =COUNTIFS(Matches!$D$2:$D$73,A9,Matches!$E$2:$E$73,B9,Matches!$I$2:$I$73,TRUE)+COUNTIFS(Matches!$D$2:$D$73,A9,Matches!$F$2:$F$73,B9,Matches!$I$2:$I$73,TRUE) -> 3 | D9: {=SUMPRODUCT((Matches!$D$2:$D$73=A9)*(Matches!$I$2:$I$73=TRUE)*(((Matches!$E$2:$E$73=B9)*(Matches!$G$2:$G$73>Matches!$H$2:$H$73))+((Matches!$F$2:$F$73=B9)*(Matches!$H$2:$H$73>Matches!$G$2:$G$73))))} -> 2 | E9: {=SUMPRODUCT((Matches!$D$2:$D$73=A9)*(Matches!$I$2:$I$73=TRUE)*((Matches!$E$2:$E$73=B9)+(Matches!$F$2:$F$73=B9))*(Matches!$G$2:$G$73=Matches!$H$2:$H$73))} -> 1 | F9: =C9-D9-E9 -> 0 | G9: =SUMIFS(Matches!$G$2:$G$73,Matches!$D$2:$D$73,A9,Matches!$E$2:$E$73,B9)+SUMIFS(Matches!$H$2:$H$73,Matches!$D$2:$D$73,A9,Matches!$F$2:$F$73,B9) -> 7 | H9: =SUMIFS(Matches!$H$2:$H$73,Matches!$D$2:$D$73,A9,Matches!$E$2:$E$73,B9)+SUMIFS(Matches!$G$2:$G$73,Matches!$D$2:$D$73,A9,Matches!$F$2:$F$73,B9) -> 3 | I9: =G9-H9 -> 4 | J9: =D9*3+E9 -> 7 | K9: {=1+SUMPRODUCT(($A$2:$A$49=A9)*(($J$2:$J$49>J9)+(($J$2:$J$49=J9)*($I$2:$I$49>I9))+(($J$2:$J$49=J9)*($I$2:$I$49=I9)*($G$2:$G$49>G9))))} -> 1 | L9: =A9&K9 -> B1 | M9: =IF(K9<=2,"Qualified",IF(K9=3,"Third-place pool","")) -> Qualified | O9: 8 | P9: {=IFERROR(INDEX(_xlfn._xlws.FILTER($B$2:$B$49,($A$2:$A$49="H")*($K$2:$K$49=3)),1),"")} -> Uruguay | Q9: H | R9: =IFERROR(_xlfn.XLOOKUP(P9,$B$2:$B$49,$J$2:$J$49),"") -> 2 | S9: =IFERROR(_xlfn.XLOOKUP(P9,$B$2:$B$49,$I$2:$I$49),"") -> -1 | T9: =IFERROR(_xlfn.XLOOKUP(P9,$B$2:$B$49,$G$2:$G$49),"") -> 3 | U9: =IF(P9="","",IF(COUNTIF($R$2:$R$13,">"&R9)<8,"Likely advances","Watch")) -> Watch
A10: C | B10: Haiti | C10: =COUNTIFS(Matches!$D$2:$D$73,A10,Matches!$E$2:$E$73,B10,Matches!$I$2:$I$73,TRUE)+COUNTIFS(Matches!$D$2:$D$73,A10,Matches!$F$2:$F$73,B10,Matches!$I$2:$I$73,TRUE) -> 3 | D10: {=SUMPRODUCT((Matches!$D$2:$D$73=A10)*(Matches!$I$2:$I$73=TRUE)*(((Matches!$E$2:$E$73=B10)*(Matches!$G$2:$G$73>Matches!$H$2:$H$73))+((Matches!$F$2:$F$73=B10)*(Matches!$H$2:$H$73>Matches!$G$2:$G$73))))} -> 0 | E10: {=SUMPRODUCT((Matches!$D$2:$D$73=A10)*(Matches!$I$2:$I$73=TRUE)*((Matches!$E$2:$E$73=B10)+(Matches!$F$2:$F$73=B10))*(Matches!$G$2:$G$73=Matches!$H$2:$H$73))} -> 0 | F10: =C10-D10-E10 -> 3 | G10: =SUMIFS(Matches!$G$2:$G$73,Matches!$D$2:$D$73,A10,Matches!$E$2:$E$73,B10)+SUMIFS(Matches!$H$2:$H$73,Matches!$D$2:$D$73,A10,Matches!$F$2:$F$73,B10) -> 2 | H10: =SUMIFS(Matches!$H$2:$H$73,Matches!$D$2:$D$73,A10,Matches!$E$2:$E$73,B10)+SUMIFS(Matches!$G$2:$G$73,Matches!$D$2:$D$73,A10,Matches!$F$2:$F$73,B10) -> 8 | I10: =G10-H10 -> -6 | J10: =D10*3+E10 -> 0 | K10: {=1+SUMPRODUCT(($A$2:$A$49=A10)*(($J$2:$J$49>J10)+(($J$2:$J$49=J10)*($I$2:$I$49>I10))+(($J$2:$J$49=J10)*($I$2:$I$49=I10)*($G$2:$G$49>G10))))} -> 4 | L10: =A10&K10 -> C4 | M10: =IF(K10<=2,"Qualified",IF(K10=3,"Third-place pool","")) | O10: 9 | P10: {=IFERROR(INDEX(_xlfn._xlws.FILTER($B$2:$B$49,($A$2:$A$49="I")*($K$2:$K$49=3)),1),"")} -> Senegal | Q10: I | R10: =IFERROR(_xlfn.XLOOKUP(P10,$B$2:$B$49,$J$2:$J$49),"") -> 3 | S10: =IFERROR(_xlfn.XLOOKUP(P10,$B$2:$B$49,$I$2:$I$49),"") -> 2 | T10: =IFERROR(_xlfn.XLOOKUP(P10,$B$2:$B$49,$G$2:$G$49),"") -> 8 | U10: =IF(P10="","",IF(COUNTIF($R$2:$R$13,">"&R10)<8,"Likely advances","Watch")) -> Likely advances
A11: C | B11: Scotland | C11: =COUNTIFS(Matches!$D$2:$D$73,A11,Matches!$E$2:$E$73,B11,Matches!$I$2:$I$73,TRUE)+COUNTIFS(Matches!$D$2:$D$73,A11,Matches!$F$2:$F$73,B11,Matches!$I$2:$I$73,TRUE) -> 3 | D11: {=SUMPRODUCT((Matches!$D$2:$D$73=A11)*(Matches!$I$2:$I$73=TRUE)*(((Matches!$E$2:$E$73=B11)*(Matches!$G$2:$G$73>Matches!$H$2:$H$73))+((Matches!$F$2:$F$73=B11)*(Matches!$H$2:$H$73>Matches!$G$2:$G$73))))} -> 1 | E11: {=SUMPRODUCT((Matches!$D$2:$D$73=A11)*(Matches!$I$2:$I$73=TRUE)*((Matches!$E$2:$E$73=B11)+(Matches!$F$2:$F$73=B11))*(Matches!$G$2:$G$73=Matches!$H$2:$H$73))} -> 0 | F11: =C11-D11-E11 -> 2 | G11: =SUMIFS(Matches!$G$2:$G$73,Matches!$D$2:$D$73,A11,Matches!$E$2:$E$73,B11)+SUMIFS(Matches!$H$2:$H$73,Matches!$D$2:$D$73,A11,Matches!$F$2:$F$73,B11) -> 1 | H11: =SUMIFS(Matches!$H$2:$H$73,Matches!$D$2:$D$73,A11,Matches!$E$2:$E$73,B11)+SUMIFS(Matches!$G$2:$G$73,Matches!$D$2:$D$73,A11,Matches!$F$2:$F$73,B11) -> 4 | I11: =G11-H11 -> -3 | J11: =D11*3+E11 -> 3 | K11: {=1+SUMPRODUCT(($A$2:$A$49=A11)*(($J$2:$J$49>J11)+(($J$2:$J$49=J11)*($I$2:$I$49>I11))+(($J$2:$J$49=J11)*($I$2:$I$49=I11)*($G$2:$G$49>G11))))} -> 3 | L11: =A11&K11 -> C3 | M11: =IF(K11<=2,"Qualified",IF(K11=3,"Third-place pool","")) -> Third-place pool | O11: 10 | P11: {=IFERROR(INDEX(_xlfn._xlws.FILTER($B$2:$B$49,($A$2:$A$49="J")*($K$2:$K$49=3)),1),"")} -> Algeria | Q11: J | R11: =IFERROR(_xlfn.XLOOKUP(P11,$B$2:$B$49,$J$2:$J$49),"") -> 4 | S11: =IFERROR(_xlfn.XLOOKUP(P11,$B$2:$B$49,$I$2:$I$49),"") -> -2 | T11: =IFERROR(_xlfn.XLOOKUP(P11,$B$2:$B$49,$G$2:$G$49),"") -> 5 | U11: =IF(P11="","",IF(COUNTIF($R$2:$R$13,">"&R11)<8,"Likely advances","Watch")) -> Likely advances
A12: C | B12: Brazil | C12: =COUNTIFS(Matches!$D$2:$D$73,A12,Matches!$E$2:$E$73,B12,Matches!$I$2:$I$73,TRUE)+COUNTIFS(Matches!$D$2:$D$73,A12,Matches!$F$2:$F$73,B12,Matches!$I$2:$I$73,TRUE) -> 3 | D12: {=SUMPRODUCT((Matches!$D$2:$D$73=A12)*(Matches!$I$2:$I$73=TRUE)*(((Matches!$E$2:$E$73=B12)*(Matches!$G$2:$G$73>Matches!$H$2:$H$73))+((Matches!$F$2:$F$73=B12)*(Matches!$H$2:$H$73>Matches!$G$2:$G$73))))} -> 2 | E12: {=SUMPRODUCT((Matches!$D$2:$D$73=A12)*(Matches!$I$2:$I$73=TRUE)*((Matches!$E$2:$E$73=B12)+(Matches!$F$2:$F$73=B12))*(Matches!$G$2:$G$73=Matches!$H$2:$H$73))} -> 1 | F12: =C12-D12-E12 -> 0 | G12: =SUMIFS(Matches!$G$2:$G$73,Matches!$D$2:$D$73,A12,Matches!$E$2:$E$73,B12)+SUMIFS(Matches!$H$2:$H$73,Matches!$D$2:$D$73,A12,Matches!$F$2:$F$73,B12) -> 7 | H12: =SUMIFS(Matches!$H$2:$H$73,Matches!$D$2:$D$73,A12,Matches!$E$2:$E$73,B12)+SUMIFS(Matches!$G$2:$G$73,Matches!$D$2:$D$73,A12,Matches!$F$2:$F$73,B12) -> 1 | I12: =G12-H12 -> 6 | J12: =D12*3+E12 -> 7 | K12: {=1+SUMPRODUCT(($A$2:$A$49=A12)*(($J$2:$J$49>J12)+(($J$2:$J$49=J12)*($I$2:$I$49>I12))+(($J$2:$J$49=J12)*($I$2:$I$49=I12)*($G$2:$G$49>G12))))} -> 1 | L12: =A12&K12 -> C1 | M12: =IF(K12<=2,"Qualified",IF(K12=3,"Third-place pool","")) -> Qualified | O12: 11 | P12: {=IFERROR(INDEX(_xlfn._xlws.FILTER($B$2:$B$49,($A$2:$A$49="K")*($K$2:$K$49=3)),1),"")} -> Congo DR | Q12: K | R12: =IFERROR(_xlfn.XLOOKUP(P12,$B$2:$B$49,$J$2:$J$49),"") -> 4 | S12: =IFERROR(_xlfn.XLOOKUP(P12,$B$2:$B$49,$I$2:$I$49),"") -> 1 | T12: =IFERROR(_xlfn.XLOOKUP(P12,$B$2:$B$49,$G$2:$G$49),"") -> 4 | U12: =IF(P12="","",IF(COUNTIF($R$2:$R$13,">"&R12)<8,"Likely advances","Watch")) -> Likely advances
A13: C | B13: Morocco | C13: =COUNTIFS(Matches!$D$2:$D$73,A13,Matches!$E$2:$E$73,B13,Matches!$I$2:$I$73,TRUE)+COUNTIFS(Matches!$D$2:$D$73,A13,Matches!$F$2:$F$73,B13,Matches!$I$2:$I$73,TRUE) -> 3 | D13: {=SUMPRODUCT((Matches!$D$2:$D$73=A13)*(Matches!$I$2:$I$73=TRUE)*(((Matches!$E$2:$E$73=B13)*(Matches!$G$2:$G$73>Matches!$H$2:$H$73))+((Matches!$F$2:$F$73=B13)*(Matches!$H$2:$H$73>Matches!$G$2:$G$73))))} -> 2 | E13: {=SUMPRODUCT((Matches!$D$2:$D$73=A13)*(Matches!$I$2:$I$73=TRUE)*((Matches!$E$2:$E$73=B13)+(Matches!$F$2:$F$73=B13))*(Matches!$G$2:$G$73=Matches!$H$2:$H$73))} -> 1 | F13: =C13-D13-E13 -> 0 | G13: =SUMIFS(Matches!$G$2:$G$73,Matches!$D$2:$D$73,A13,Matches!$E$2:$E$73,B13)+SUMIFS(Matches!$H$2:$H$73,Matches!$D$2:$D$73,A13,Matches!$F$2:$F$73,B13) -> 6 | H13: =SUMIFS(Matches!$H$2:$H$73,Matches!$D$2:$D$73,A13,Matches!$E$2:$E$73,B13)+SUMIFS(Matches!$G$2:$G$73,Matches!$D$2:$D$73,A13,Matches!$F$2:$F$73,B13) -> 3 | I13: =G13-H13 -> 3 | J13: =D13*3+E13 -> 7 | K13: {=1+SUMPRODUCT(($A$2:$A$49=A13)*(($J$2:$J$49>J13)+(($J$2:$J$49=J13)*($I$2:$I$49>I13))+(($J$2:$J$49=J13)*($I$2:$I$49=I13)*($G$2:$G$49>G13))))} -> 2 | L13: =A13&K13 -> C2 | M13: =IF(K13<=2,"Qualified",IF(K13=3,"Third-place pool","")) -> Qualified | O13: 12 | P13: {=IFERROR(INDEX(_xlfn._xlws.FILTER($B$2:$B$49,($A$2:$A$49="L")*($K$2:$K$49=3)),1),"")} -> Ghana | Q13: L | R13: =IFERROR(_xlfn.XLOOKUP(P13,$B$2:$B$49,$J$2:$J$49),"") -> 4 | S13: =IFERROR(_xlfn.XLOOKUP(P13,$B$2:$B$49,$I$2:$I$49),"") -> 0 | T13: =IFERROR(_xlfn.XLOOKUP(P13,$B$2:$B$49,$G$2:$G$49),"") -> 2 | U13: =IF(P13="","",IF(COUNTIF($R$2:$R$13,">"&R13)<8,"Likely advances","Watch")) -> Likely advances
A14: D | B14: USA | C14: =COUNTIFS(Matches!$D$2:$D$73,A14,Matches!$E$2:$E$73,B14,Matches!$I$2:$I$73,TRUE)+COUNTIFS(Matches!$D$2:$D$73,A14,Matches!$F$2:$F$73,B14,Matches!$I$2:$I$73,TRUE) -> 3 | D14: {=SUMPRODUCT((Matches!$D$2:$D$73=A14)*(Matches!$I$2:$I$73=TRUE)*(((Matches!$E$2:$E$73=B14)*(Matches!$G$2:$G$73>Matches!$H$2:$H$73))+((Matches!$F$2:$F$73=B14)*(Matches!$H$2:$H$73>Matches!$G$2:$G$73))))} -> 2 | E14: {=SUMPRODUCT((Matches!$D$2:$D$73=A14)*(Matches!$I$2:$I$73=TRUE)*((Matches!$E$2:$E$73=B14)+(Matches!$F$2:$F$73=B14))*(Matches!$G$2:$G$73=Matches!$H$2:$H$73))} -> 0 | F14: =C14-D14-E14 -> 1 | G14: =SUMIFS(Matches!$G$2:$G$73,Matches!$D$2:$D$73,A14,Matches!$E$2:$E$73,B14)+SUMIFS(Matches!$H$2:$H$73,Matches!$D$2:$D$73,A14,Matches!$F$2:$F$73,B14) -> 8 | H14: =SUMIFS(Matches!$H$2:$H$73,Matches!$D$2:$D$73,A14,Matches!$E$2:$E$73,B14)+SUMIFS(Matches!$G$2:$G$73,Matches!$D$2:$D$73,A14,Matches!$F$2:$F$73,B14) -> 4 | I14: =G14-H14 -> 4 | J14: =D14*3+E14 -> 6 | K14: {=1+SUMPRODUCT(($A$2:$A$49=A14)*(($J$2:$J$49>J14)+(($J$2:$J$49=J14)*($I$2:$I$49>I14))+(($J$2:$J$49=J14)*($I$2:$I$49=I14)*($G$2:$G$49>G14))))} -> 1 | L14: =A14&K14 -> D1 | M14: =IF(K14<=2,"Qualified",IF(K14=3,"Third-place pool","")) -> Qualified
A15: D | B15: Paraguay | C15: =COUNTIFS(Matches!$D$2:$D$73,A15,Matches!$E$2:$E$73,B15,Matches!$I$2:$I$73,TRUE)+COUNTIFS(Matches!$D$2:$D$73,A15,Matches!$F$2:$F$73,B15,Matches!$I$2:$I$73,TRUE) -> 3 | D15: {=SUMPRODUCT((Matches!$D$2:$D$73=A15)*(Matches!$I$2:$I$73=TRUE)*(((Matches!$E$2:$E$73=B15)*(Matches!$G$2:$G$73>Matches!$H$2:$H$73))+((Matches!$F$2:$F$73=B15)*(Matches!$H$2:$H$73>Matches!$G$2:$G$73))))} -> 1 | E15: {=SUMPRODUCT((Matches!$D$2:$D$73=A15)*(Matches!$I$2:$I$73=TRUE)*((Matches!$E$2:$E$73=B15)+(Matches!$F$2:$F$73=B15))*(Matches!$G$2:$G$73=Matches!$H$2:$H$73))} -> 1 | F15: =C15-D15-E15 -> 1 | G15: =SUMIFS(Matches!$G$2:$G$73,Matches!$D$2:$D$73,A15,Matches!$E$2:$E$73,B15)+SUMIFS(Matches!$H$2:$H$73,Matches!$D$2:$D$73,A15,Matches!$F$2:$F$73,B15) -> 2 | H15: =SUMIFS(Matches!$H$2:$H$73,Matches!$D$2:$D$73,A15,Matches!$E$2:$E$73,B15)+SUMIFS(Matches!$G$2:$G$73,Matches!$D$2:$D$73,A15,Matches!$F$2:$F$73,B15) -> 4 | I15: =G15-H15 -> -2 | J15: =D15*3+E15 -> 4 | K15: {=1+SUMPRODUCT(($A$2:$A$49=A15)*(($J$2:$J$49>J15)+(($J$2:$J$49=J15)*($I$2:$I$49>I15))+(($J$2:$J$49=J15)*($I$2:$I$49=I15)*($G$2:$G$49>G15))))} -> 3 | L15: =A15&K15 -> D3 | M15: =IF(K15<=2,"Qualified",IF(K15=3,"Third-place pool","")) -> Third-place pool
A16: D | B16: Australia | C16: =COUNTIFS(Matches!$D$2:$D$73,A16,Matches!$E$2:$E$73,B16,Matches!$I$2:$I$73,TRUE)+COUNTIFS(Matches!$D$2:$D$73,A16,Matches!$F$2:$F$73,B16,Matches!$I$2:$I$73,TRUE) -> 3 | D16: {=SUMPRODUCT((Matches!$D$2:$D$73=A16)*(Matches!$I$2:$I$73=TRUE)*(((Matches!$E$2:$E$73=B16)*(Matches!$G$2:$G$73>Matches!$H$2:$H$73))+((Matches!$F$2:$F$73=B16)*(Matches!$H$2:$H$73>Matches!$G$2:$G$73))))} -> 1 | E16: {=SUMPRODUCT((Matches!$D$2:$D$73=A16)*(Matches!$I$2:$I$73=TRUE)*((Matches!$E$2:$E$73=B16)+(Matches!$F$2:$F$73=B16))*(Matches!$G$2:$G$73=Matches!$H$2:$H$73))} -> 1 | F16: =C16-D16-E16 -> 1 | G16: =SUMIFS(Matches!$G$2:$G$73,Matches!$D$2:$D$73,A16,Matches!$E$2:$E$73,B16)+SUMIFS(Matches!$H$2:$H$73,Matches!$D$2:$D$73,A16,Matches!$F$2:$F$73,B16) -> 2 | H16: =SUMIFS(Matches!$H$2:$H$73,Matches!$D$2:$D$73,A16,Matches!$E$2:$E$73,B16)+SUMIFS(Matches!$G$2:$G$73,Matches!$D$2:$D$73,A16,Matches!$F$2:$F$73,B16) -> 2 | I16: =G16-H16 -> 0 | J16: =D16*3+E16 -> 4 | K16: {=1+SUMPRODUCT(($A$2:$A$49=A16)*(($J$2:$J$49>J16)+(($J$2:$J$49=J16)*($I$2:$I$49>I16))+(($J$2:$J$49=J16)*($I$2:$I$49=I16)*($G$2:$G$49>G16))))} -> 2 | L16: =A16&K16 -> D2 | M16: =IF(K16<=2,"Qualified",IF(K16=3,"Third-place pool","")) -> Qualified
A17: D | B17: Türkiye | C17: =COUNTIFS(Matches!$D$2:$D$73,A17,Matches!$E$2:$E$73,B17,Matches!$I$2:$I$73,TRUE)+COUNTIFS(Matches!$D$2:$D$73,A17,Matches!$F$2:$F$73,B17,Matches!$I$2:$I$73,TRUE) -> 3 | D17: {=SUMPRODUCT((Matches!$D$2:$D$73=A17)*(Matches!$I$2:$I$73=TRUE)*(((Matches!$E$2:$E$73=B17)*(Matches!$G$2:$G$73>Matches!$H$2:$H$73))+((Matches!$F$2:$F$73=B17)*(Matches!$H$2:$H$73>Matches!$G$2:$G$73))))} -> 1 | E17: {=SUMPRODUCT((Matches!$D$2:$D$73=A17)*(Matches!$I$2:$I$73=TRUE)*((Matches!$E$2:$E$73=B17)+(Matches!$F$2:$F$73=B17))*(Matches!$G$2:$G$73=Matches!$H$2:$H$73))} -> 0 | F17: =C17-D17-E17 -> 2 | G17: =SUMIFS(Matches!$G$2:$G$73,Matches!$D$2:$D$73,A17,Matches!$E$2:$E$73,B17)+SUMIFS(Matches!$H$2:$H$73,Matches!$D$2:$D$73,A17,Matches!$F$2:$F$73,B17) -> 3 | H17: =SUMIFS(Matches!$H$2:$H$73,Matches!$D$2:$D$73,A17,Matches!$E$2:$E$73,B17)+SUMIFS(Matches!$G$2:$G$73,Matches!$D$2:$D$73,A17,Matches!$F$2:$F$73,B17) -> 5 | I17: =G17-H17 -> -2 | J17: =D17*3+E17 -> 3 | K17: {=1+SUMPRODUCT(($A$2:$A$49=A17)*(($J$2:$J$49>J17)+(($J$2:$J$49=J17)*($I$2:$I$49>I17))+(($J$2:$J$49=J17)*($I$2:$I$49=I17)*($G$2:$G$49>G17))))} -> 4 | L17: =A17&K17 -> D4 | M17: =IF(K17<=2,"Qualified",IF(K17=3,"Third-place pool",""))
A18: E | B18: Côte d'Ivoire | C18: =COUNTIFS(Matches!$D$2:$D$73,A18,Matches!$E$2:$E$73,B18,Matches!$I$2:$I$73,TRUE)+COUNTIFS(Matches!$D$2:$D$73,A18,Matches!$F$2:$F$73,B18,Matches!$I$2:$I$73,TRUE) -> 3 | D18: {=SUMPRODUCT((Matches!$D$2:$D$73=A18)*(Matches!$I$2:$I$73=TRUE)*(((Matches!$E$2:$E$73=B18)*(Matches!$G$2:$G$73>Matches!$H$2:$H$73))+((Matches!$F$2:$F$73=B18)*(Matches!$H$2:$H$73>Matches!$G$2:$G$73))))} -> 2 | E18: {=SUMPRODUCT((Matches!$D$2:$D$73=A18)*(Matches!$I$2:$I$73=TRUE)*((Matches!$E$2:$E$73=B18)+(Matches!$F$2:$F$73=B18))*(Matches!$G$2:$G$73=Matches!$H$2:$H$73))} -> 0 | F18: =C18-D18-E18 -> 1 | G18: =SUMIFS(Matches!$G$2:$G$73,Matches!$D$2:$D$73,A18,Matches!$E$2:$E$73,B18)+SUMIFS(Matches!$H$2:$H$73,Matches!$D$2:$D$73,A18,Matches!$F$2:$F$73,B18) -> 4 | H18: =SUMIFS(Matches!$H$2:$H$73,Matches!$D$2:$D$73,A18,Matches!$E$2:$E$73,B18)+SUMIFS(Matches!$G$2:$G$73,Matches!$D$2:$D$73,A18,Matches!$F$2:$F$73,B18) -> 2 | I18: =G18-H18 -> 2 | J18: =D18*3+E18 -> 6 | K18: {=1+SUMPRODUCT(($A$2:$A$49=A18)*(($J$2:$J$49>J18)+(($J$2:$J$49=J18)*($I$2:$I$49>I18))+(($J$2:$J$49=J18)*($I$2:$I$49=I18)*($G$2:$G$49>G18))))} -> 2 | L18: =A18&K18 -> E2 | M18: =IF(K18<=2,"Qualified",IF(K18=3,"Third-place pool","")) -> Qualified
A19: E | B19: Ecuador | C19: =COUNTIFS(Matches!$D$2:$D$73,A19,Matches!$E$2:$E$73,B19,Matches!$I$2:$I$73,TRUE)+COUNTIFS(Matches!$D$2:$D$73,A19,Matches!$F$2:$F$73,B19,Matches!$I$2:$I$73,TRUE) -> 3 | D19: {=SUMPRODUCT((Matches!$D$2:$D$73=A19)*(Matches!$I$2:$I$73=TRUE)*(((Matches!$E$2:$E$73=B19)*(Matches!$G$2:$G$73>Matches!$H$2:$H$73))+((Matches!$F$2:$F$73=B19)*(Matches!$H$2:$H$73>Matches!$G$2:$G$73))))} -> 1 | E19: {=SUMPRODUCT((Matches!$D$2:$D$73=A19)*(Matches!$I$2:$I$73=TRUE)*((Matches!$E$2:$E$73=B19)+(Matches!$F$2:$F$73=B19))*(Matches!$G$2:$G$73=Matches!$H$2:$H$73))} -> 1 | F19: =C19-D19-E19 -> 1 | G19: =SUMIFS(Matches!$G$2:$G$73,Matches!$D$2:$D$73,A19,Matches!$E$2:$E$73,B19)+SUMIFS(Matches!$H$2:$H$73,Matches!$D$2:$D$73,A19,Matches!$F$2:$F$73,B19) -> 2 | H19: =SUMIFS(Matches!$H$2:$H$73,Matches!$D$2:$D$73,A19,Matches!$E$2:$E$73,B19)+SUMIFS(Matches!$G$2:$G$73,Matches!$D$2:$D$73,A19,Matches!$F$2:$F$73,B19) -> 2 | I19: =G19-H19 -> 0 | J19: =D19*3+E19 -> 4 | K19: {=1+SUMPRODUCT(($A$2:$A$49=A19)*(($J$2:$J$49>J19)+(($J$2:$J$49=J19)*($I$2:$I$49>I19))+(($J$2:$J$49=J19)*($I$2:$I$49=I19)*($G$2:$G$49>G19))))} -> 3 | L19: =A19&K19 -> E3 | M19: =IF(K19<=2,"Qualified",IF(K19=3,"Third-place pool","")) -> Third-place pool
A20: E | B20: Germany | C20: =COUNTIFS(Matches!$D$2:$D$73,A20,Matches!$E$2:$E$73,B20,Matches!$I$2:$I$73,TRUE)+COUNTIFS(Matches!$D$2:$D$73,A20,Matches!$F$2:$F$73,B20,Matches!$I$2:$I$73,TRUE) -> 3 | D20: {=SUMPRODUCT((Matches!$D$2:$D$73=A20)*(Matches!$I$2:$I$73=TRUE)*(((Matches!$E$2:$E$73=B20)*(Matches!$G$2:$G$73>Matches!$H$2:$H$73))+((Matches!$F$2:$F$73=B20)*(Matches!$H$2:$H$73>Matches!$G$2:$G$73))))} -> 2 | E20: {=SUMPRODUCT((Matches!$D$2:$D$73=A20)*(Matches!$I$2:$I$73=TRUE)*((Matches!$E$2:$E$73=B20)+(Matches!$F$2:$F$73=B20))*(Matches!$G$2:$G$73=Matches!$H$2:$H$73))} -> 0 | F20: =C20-D20-E20 -> 1 | G20: =SUMIFS(Matches!$G$2:$G$73,Matches!$D$2:$D$73,A20,Matches!$E$2:$E$73,B20)+SUMIFS(Matches!$H$2:$H$73,Matches!$D$2:$D$73,A20,Matches!$F$2:$F$73,B20) -> 10 | H20: =SUMIFS(Matches!$H$2:$H$73,Matches!$D$2:$D$73,A20,Matches!$E$2:$E$73,B20)+SUMIFS(Matches!$G$2:$G$73,Matches!$D$2:$D$73,A20,Matches!$F$2:$F$73,B20) -> 4 | I20: =G20-H20 -> 6 | J20: =D20*3+E20 -> 6 | K20: {=1+SUMPRODUCT(($A$2:$A$49=A20)*(($J$2:$J$49>J20)+(($J$2:$J$49=J20)*($I$2:$I$49>I20))+(($J$2:$J$49=J20)*($I$2:$I$49=I20)*($G$2:$G$49>G20))))} -> 1 | L20: =A20&K20 -> E1 | M20: =IF(K20<=2,"Qualified",IF(K20=3,"Third-place pool","")) -> Qualified
A21: E | B21: Curaçao | C21: =COUNTIFS(Matches!$D$2:$D$73,A21,Matches!$E$2:$E$73,B21,Matches!$I$2:$I$73,TRUE)+COUNTIFS(Matches!$D$2:$D$73,A21,Matches!$F$2:$F$73,B21,Matches!$I$2:$I$73,TRUE) -> 3 | D21: {=SUMPRODUCT((Matches!$D$2:$D$73=A21)*(Matches!$I$2:$I$73=TRUE)*(((Matches!$E$2:$E$73=B21)*(Matches!$G$2:$G$73>Matches!$H$2:$H$73))+((Matches!$F$2:$F$73=B21)*(Matches!$H$2:$H$73>Matches!$G$2:$G$73))))} -> 0 | E21: {=SUMPRODUCT((Matches!$D$2:$D$73=A21)*(Matches!$I$2:$I$73=TRUE)*((Matches!$E$2:$E$73=B21)+(Matches!$F$2:$F$73=B21))*(Matches!$G$2:$G$73=Matches!$H$2:$H$73))} -> 1 | F21: =C21-D21-E21 -> 2 | G21: =SUMIFS(Matches!$G$2:$G$73,Matches!$D$2:$D$73,A21,Matches!$E$2:$E$73,B21)+SUMIFS(Matches!$H$2:$H$73,Matches!$D$2:$D$73,A21,Matches!$F$2:$F$73,B21) -> 1 | H21: =SUMIFS(Matches!$H$2:$H$73,Matches!$D$2:$D$73,A21,Matches!$E$2:$E$73,B21)+SUMIFS(Matches!$G$2:$G$73,Matches!$D$2:$D$73,A21,Matches!$F$2:$F$73,B21) -> 9 | I21: =G21-H21 -> -8 | J21: =D21*3+E21 -> 1 | K21: {=1+SUMPRODUCT(($A$2:$A$49=A21)*(($J$2:$J$49>J21)+(($J$2:$J$49=J21)*($I$2:$I$49>I21))+(($J$2:$J$49=J21)*($I$2:$I$49=I21)*($G$2:$G$49>G21))))} -> 4 | L21: =A21&K21 -> E4 | M21: =IF(K21<=2,"Qualified",IF(K21=3,"Third-place pool",""))
A22: F | B22: Netherlands | C22: =COUNTIFS(Matches!$D$2:$D$73,A22,Matches!$E$2:$E$73,B22,Matches!$I$2:$I$73,TRUE)+COUNTIFS(Matches!$D$2:$D$73,A22,Matches!$F$2:$F$73,B22,Matches!$I$2:$I$73,TRUE) -> 3 | D22: {=SUMPRODUCT((Matches!$D$2:$D$73=A22)*(Matches!$I$2:$I$73=TRUE)*(((Matches!$E$2:$E$73=B22)*(Matches!$G$2:$G$73>Matches!$H$2:$H$73))+((Matches!$F$2:$F$73=B22)*(Matches!$H$2:$H$73>Matches!$G$2:$G$73))))} -> 2 | E22: {=SUMPRODUCT((Matches!$D$2:$D$73=A22)*(Matches!$I$2:$I$73=TRUE)*((Matches!$E$2:$E$73=B22)+(Matches!$F$2:$F$73=B22))*(Matches!$G$2:$G$73=Matches!$H$2:$H$73))} -> 1 | F22: =C22-D22-E22 -> 0 | G22: =SUMIFS(Matches!$G$2:$G$73,Matches!$D$2:$D$73,A22,Matches!$E$2:$E$73,B22)+SUMIFS(Matches!$H$2:$H$73,Matches!$D$2:$D$73,A22,Matches!$F$2:$F$73,B22) -> 10 | H22: =SUMIFS(Matches!$H$2:$H$73,Matches!$D$2:$D$73,A22,Matches!$E$2:$E$73,B22)+SUMIFS(Matches!$G$2:$G$73,Matches!$D$2:$D$73,A22,Matches!$F$2:$F$73,B22) -> 4 | I22: =G22-H22 -> 6 | J22: =D22*3+E22 -> 7 | K22: {=1+SUMPRODUCT(($A$2:$A$49=A22)*(($J$2:$J$49>J22)+(($J$2:$J$49=J22)*($I$2:$I$49>I22))+(($J$2:$J$49=J22)*($I$2:$I$49=I22)*($G$2:$G$49>G22))))} -> 1 | L22: =A22&K22 -> F1 | M22: =IF(K22<=2,"Qualified",IF(K22=3,"Third-place pool","")) -> Qualified
A23: F | B23: Japan | C23: =COUNTIFS(Matches!$D$2:$D$73,A23,Matches!$E$2:$E$73,B23,Matches!$I$2:$I$73,TRUE)+COUNTIFS(Matches!$D$2:$D$73,A23,Matches!$F$2:$F$73,B23,Matches!$I$2:$I$73,TRUE) -> 3 | D23: {=SUMPRODUCT((Matches!$D$2:$D$73=A23)*(Matches!$I$2:$I$73=TRUE)*(((Matches!$E$2:$E$73=B23)*(Matches!$G$2:$G$73>Matches!$H$2:$H$73))+((Matches!$F$2:$F$73=B23)*(Matches!$H$2:$H$73>Matches!$G$2:$G$73))))} -> 1 | E23: {=SUMPRODUCT((Matches!$D$2:$D$73=A23)*(Matches!$I$2:$I$73=TRUE)*((Matches!$E$2:$E$73=B23)+(Matches!$F$2:$F$73=B23))*(Matches!$G$2:$G$73=Matches!$H$2:$H$73))} -> 2 | F23: =C23-D23-E23 -> 0 | G23: =SUMIFS(Matches!$G$2:$G$73,Matches!$D$2:$D$73,A23,Matches!$E$2:$E$73,B23)+SUMIFS(Matches!$H$2:$H$73,Matches!$D$2:$D$73,A23,Matches!$F$2:$F$73,B23) -> 7 | H23: =SUMIFS(Matches!$H$2:$H$73,Matches!$D$2:$D$73,A23,Matches!$E$2:$E$73,B23)+SUMIFS(Matches!$G$2:$G$73,Matches!$D$2:$D$73,A23,Matches!$F$2:$F$73,B23) -> 3 | I23: =G23-H23 -> 4 | J23: =D23*3+E23 -> 5 | K23: {=1+SUMPRODUCT(($A$2:$A$49=A23)*(($J$2:$J$49>J23)+(($J$2:$J$49=J23)*($I$2:$I$49>I23))+(($J$2:$J$49=J23)*($I$2:$I$49=I23)*($G$2:$G$49>G23))))} -> 2 | L23: =A23&K23 -> F2 | M23: =IF(K23<=2,"Qualified",IF(K23=3,"Third-place pool","")) -> Qualified
A24: F | B24: Sweden | C24: =COUNTIFS(Matches!$D$2:$D$73,A24,Matches!$E$2:$E$73,B24,Matches!$I$2:$I$73,TRUE)+COUNTIFS(Matches!$D$2:$D$73,A24,Matches!$F$2:$F$73,B24,Matches!$I$2:$I$73,TRUE) -> 3 | D24: {=SUMPRODUCT((Matches!$D$2:$D$73=A24)*(Matches!$I$2:$I$73=TRUE)*(((Matches!$E$2:$E$73=B24)*(Matches!$G$2:$G$73>Matches!$H$2:$H$73))+((Matches!$F$2:$F$73=B24)*(Matches!$H$2:$H$73>Matches!$G$2:$G$73))))} -> 1 | E24: {=SUMPRODUCT((Matches!$D$2:$D$73=A24)*(Matches!$I$2:$I$73=TRUE)*((Matches!$E$2:$E$73=B24)+(Matches!$F$2:$F$73=B24))*(Matches!$G$2:$G$73=Matches!$H$2:$H$73))} -> 1 | F24: =C24-D24-E24 -> 1 | G24: =SUMIFS(Matches!$G$2:$G$73,Matches!$D$2:$D$73,A24,Matches!$E$2:$E$73,B24)+SUMIFS(Matches!$H$2:$H$73,Matches!$D$2:$D$73,A24,Matches!$F$2:$F$73,B24) -> 7 | H24: =SUMIFS(Matches!$H$2:$H$73,Matches!$D$2:$D$73,A24,Matches!$E$2:$E$73,B24)+SUMIFS(Matches!$G$2:$G$73,Matches!$D$2:$D$73,A24,Matches!$F$2:$F$73,B24) -> 7 | I24: =G24-H24 -> 0 | J24: =D24*3+E24 -> 4 | K24: {=1+SUMPRODUCT(($A$2:$A$49=A24)*(($J$2:$J$49>J24)+(($J$2:$J$49=J24)*($I$2:$I$49>I24))+(($J$2:$J$49=J24)*($I$2:$I$49=I24)*($G$2:$G$49>G24))))} -> 3 | L24: =A24&K24 -> F3 | M24: =IF(K24<=2,"Qualified",IF(K24=3,"Third-place pool","")) -> Third-place pool
A25: F | B25: Tunisia | C25: =COUNTIFS(Matches!$D$2:$D$73,A25,Matches!$E$2:$E$73,B25,Matches!$I$2:$I$73,TRUE)+COUNTIFS(Matches!$D$2:$D$73,A25,Matches!$F$2:$F$73,B25,Matches!$I$2:$I$73,TRUE) -> 3 | D25: {=SUMPRODUCT((Matches!$D$2:$D$73=A25)*(Matches!$I$2:$I$73=TRUE)*(((Matches!$E$2:$E$73=B25)*(Matches!$G$2:$G$73>Matches!$H$2:$H$73))+((Matches!$F$2:$F$73=B25)*(Matches!$H$2:$H$73>Matches!$G$2:$G$73))))} -> 0 | E25: {=SUMPRODUCT((Matches!$D$2:$D$73=A25)*(Matches!$I$2:$I$73=TRUE)*((Matches!$E$2:$E$73=B25)+(Matches!$F$2:$F$73=B25))*(Matches!$G$2:$G$73=Matches!$H$2:$H$73))} -> 0 | F25: =C25-D25-E25 -> 3 | G25: =SUMIFS(Matches!$G$2:$G$73,Matches!$D$2:$D$73,A25,Matches!$E$2:$E$73,B25)+SUMIFS(Matches!$H$2:$H$73,Matches!$D$2:$D$73,A25,Matches!$F$2:$F$73,B25) -> 2 | H25: =SUMIFS(Matches!$H$2:$H$73,Matches!$D$2:$D$73,A25,Matches!$E$2:$E$73,B25)+SUMIFS(Matches!$G$2:$G$73,Matches!$D$2:$D$73,A25,Matches!$F$2:$F$73,B25) -> 12 | I25: =G25-H25 -> -10 | J25: =D25*3+E25 -> 0 | K25: {=1+SUMPRODUCT(($A$2:$A$49=A25)*(($J$2:$J$49>J25)+(($J$2:$J$49=J25)*($I$2:$I$49>I25))+(($J$2:$J$49=J25)*($I$2:$I$49=I25)*($G$2:$G$49>G25))))} -> 4 | L25: =A25&K25 -> F4 | M25: =IF(K25<=2,"Qualified",IF(K25=3,"Third-place pool",""))
... A49: L | B49: Croatia | C49: =COUNTIFS(Matches!$D$2:$D$73,A49,Matches!$E$2:$E$73,B49,Matches!$I$2:$I$73,TRUE)+COUNTIFS(Matches!$D$2:$D$73,A49,Matches!$F$2:$F$73,B49,Matches!$I$2:$I$73,TRUE) -> 3 | D49: {=SUMPRODUCT((Matches!$D$2:$D$73=A49)*(Matches!$I$2:$I$73=TRUE)*(((Matches!$E$2:$E$73=B49)*(Matches!$G$2:$G$73>Matches!$H$2:$H$73))+((Matches!$F$2:$F$73=B49)*(Matches!$H$2:$H$73>Matches!$G$2:$G$73))))} -> 2 | E49: {=SUMPRODUCT((Matches!$D$2:$D$73=A49)*(Matches!$I$2:$I$73=TRUE)*((Matches!$E$2:$E$73=B49)+(Matches!$F$2:$F$73=B49))*(Matches!$G$2:$G$73=Matches!$H$2:$H$73))} -> 0 | F49: =C49-D49-E49 -> 1 | G49: =SUMIFS(Matches!$G$2:$G$73,Matches!$D$2:$D$73,A49,Matches!$E$2:$E$73,B49)+SUMIFS(Matches!$H$2:$H$73,Matches!$D$2:$D$73,A49,Matches!$F$2:$F$73,B49) -> 5 | H49: =SUMIFS(Matches!$H$2:$H$73,Matches!$D$2:$D$73,A49,Matches!$E$2:$E$73,B49)+SUMIFS(Matches!$G$2:$G$73,Matches!$D$2:$D$73,A49,Matches!$F$2:$F$73,B49) -> 5 | I49: =G49-H49 -> 0 | J49: =D49*3+E49 -> 6 | K49: {=1+SUMPRODUCT(($A$2:$A$49=A49)*(($J$2:$J$49>J49)+(($J$2:$J$49=J49)*($I$2:$I$49>I49))+(($J$2:$J$49=J49)*($I$2:$I$49=I49)*($G$2:$G$49>G49))))} -> 2 | L49: =A49&K49 -> L2 | M49: =IF(K49<=2,"Qualified",IF(K49=3,"Third-place pool","")) -> Qualified

Sheet Knockout
A1: Round of 32
A2: Match # | B2: Date | C2: Stage | D2: Team 1 Source | E2: Team 2 Source | F2: Team 1 | G2: Team 2 | H2: Team 1 Goals | I2: Team 2 Goals | J2: Winner | K2: Venue | L2: Notes
A3: ='Knockout Data'!A2 -> 73 | B3: ='Knockout Data'!B2 -> 46201 | C3: ='Knockout Data'!C2 -> Round of 32 | D3: ='Knockout Data'!D2 -> Group A runners-up | E3: ='Knockout Data'!E2 -> Group B runners-up | F3: ='Knockout Data'!F2 -> South Africa | G3: ='Knockout Data'!G2 -> Canada | H3: 0 | I3: 1 | J3: ='Knockout Data'!J2 -> Canada | K3: ='Knockout Data'!K2 -> Los Angeles Stadium | L3: ='Knockout Data'!L2 -> 0
A4: ='Knockout Data'!A3 -> 74 | B4: ='Knockout Data'!B3 -> 46202 | C4: ='Knockout Data'!C3 -> Round of 32 | D4: ='Knockout Data'!D3 -> Group E winners | E4: ='Knockout Data'!E3 -> Group A/B/C/D/F third place | F4: ='Knockout Data'!F3 -> Germany | G4: ='Knockout Data'!G3 -> Bosnia and Herzegovina | J4: ='Knockout Data'!J3 | K4: ='Knockout Data'!K3 -> Boston Stadium | L4: ='Knockout Data'!L3 -> 0
A5: ='Knockout Data'!A4 -> 75 | B5: ='Knockout Data'!B4 -> 46202 | C5: ='Knockout Data'!C4 -> Round of 32 | D5: ='Knockout Data'!D4 -> Group F winners | E5: ='Knockout Data'!E4 -> Group C runners-up | F5: ='Knockout Data'!F4 -> Netherlands | G5: ='Knockout Data'!G4 -> Morocco | J5: ='Knockout Data'!J4 | K5: ='Knockout Data'!K4 -> Estadio Monterrey | L5: ='Knockout Data'!L4 -> 0
A6: ='Knockout Data'!A5 -> 76 | B6: ='Knockout Data'!B5 -> 46202 | C6: ='Knockout Data'!C5 -> Round of 32 | D6: ='Knockout Data'!D5 -> Group C winners | E6: ='Knockout Data'!E5 -> Group F runners-up | F6: ='Knockout Data'!F5 -> Brazil | G6: ='Knockout Data'!G5 -> Japan | J6: ='Knockout Data'!J5 | K6: ='Knockout Data'!K5 -> Houston Stadium | L6: ='Knockout Data'!L5 -> 0
A7: ='Knockout Data'!A6 -> 77 | B7: ='Knockout Data'!B6 -> 46203 | C7: ='Knockout Data'!C6 -> Round of 32 | D7: ='Knockout Data'!D6 -> Group I winners | E7: ='Knockout Data'!E6 -> Group C/D/F/G/H third place | F7: ='Knockout Data'!F6 -> France | G7: ='Knockout Data'!G6 -> Paraguay | J7: ='Knockout Data'!J6 | K7: ='Knockout Data'!K6 -> New York New Jersey Stadium | L7: ='Knockout Data'!L6 -> 0
A8: ='Knockout Data'!A7 -> 78 | B8: ='Knockout Data'!B7 -> 46203 | C8: ='Knockout Data'!C7 -> Round of 32 | D8: ='Knockout Data'!D7 -> Group E runners-up | E8: ='Knockout Data'!E7 -> Group I runners-up | F8: ='Knockout Data'!F7 -> Côte d'Ivoire | G8: ='Knockout Data'!G7 -> Norway | J8: ='Knockout Data'!J7 | K8: ='Knockout Data'!K7 -> Dallas Stadium | L8: ='Knockout Data'!L7 -> 0
A9: ='Knockout Data'!A8 -> 79 | B9: ='Knockout Data'!B8 -> 46203 | C9: ='Knockout Data'!C8 -> Round of 32 | D9: ='Knockout Data'!D8 -> Group A winners | E9: ='Knockout Data'!E8 -> Group C/E/F/H/I third place | F9: ='Knockout Data'!F8 -> Mexico | G9: ='Knockout Data'!G8 -> Scotland | J9: ='Knockout Data'!J8 | K9: ='Knockout Data'!K8 -> Mexico City Stadium | L9: ='Knockout Data'!L8 -> 0
A10: ='Knockout Data'!A9 -> 80 | B10: ='Knockout Data'!B9 -> 46204 | C10: ='Knockout Data'!C9 -> Round of 32 | D10: ='Knockout Data'!D9 -> Group L winners | E10: ='Knockout Data'!E9 -> Group E/H/I/J/K third place | F10: ='Knockout Data'!F9 -> England | G10: ='Knockout Data'!G9 -> Algeria | J10: ='Knockout Data'!J9 | K10: ='Knockout Data'!K9 -> Atlanta Stadium | L10: ='Knockout Data'!L9 -> 0
A11: ='Knockout Data'!A10 -> 81 | B11: ='Knockout Data'!B10 -> 46204 | C11: ='Knockout Data'!C10 -> Round of 32 | D11: ='Knockout Data'!D10 -> Group D winners | E11: ='Knockout Data'!E10 -> Group B/E/F/I/J third place | F11: ='Knockout Data'!F10 -> USA | G11: ='Knockout Data'!G10 -> Ecuador | J11: ='Knockout Data'!J10 | K11: ='Knockout Data'!K10 -> San Francisco Bay Area Stadium | L11: ='Knockout Data'!L10 -> 0
A12: ='Knockout Data'!A11 -> 82 | B12: ='Knockout Data'!B11 -> 46204 | C12: ='Knockout Data'!C11 -> Round of 32 | D12: ='Knockout Data'!D11 -> Group G winners | E12: ='Knockout Data'!E11 -> Group A/E/H/I/J third place | F12: ='Knockout Data'!F11 -> Belgium | G12: ='Knockout Data'!G11 -> Korea Republic | J12: ='Knockout Data'!J11 | K12: ='Knockout Data'!K11 -> Seattle Stadium | L12: ='Knockout Data'!L11 -> 0
A13: ='Knockout Data'!A12 -> 83 | B13: ='Knockout Data'!B12 -> 46205 | C13: ='Knockout Data'!C12 -> Round of 32 | D13: ='Knockout Data'!D12 -> Group K runners-up | E13: ='Knockout Data'!E12 -> Group L runners-up | F13: ='Knockout Data'!F12 -> Portugal | G13: ='Knockout Data'!G12 -> Croatia | J13: ='Knockout Data'!J12 | K13: ='Knockout Data'!K12 -> Toronto Stadium | L13: ='Knockout Data'!L12 -> 0
A14: ='Knockout Data'!A13 -> 84 | B14: ='Knockout Data'!B13 -> 46205 | C14: ='Knockout Data'!C13 -> Round of 32 | D14: ='Knockout Data'!D13 -> Group H winners | E14: ='Knockout Data'!E13 -> Group J runners-up | F14: ='Knockout Data'!F13 -> Spain | G14: ='Knockout Data'!G13 -> Austria | J14: ='Knockout Data'!J13 | K14: ='Knockout Data'!K13 -> Los Angeles Stadium | L14: ='Knockout Data'!L13 -> 0
A15: ='Knockout Data'!A14 -> 85 | B15: ='Knockout Data'!B14 -> 46205 | C15: ='Knockout Data'!C14 -> Round of 32 | D15: ='Knockout Data'!D14 -> Group B winners | E15: ='Knockout Data'!E14 -> Group E/F/G/I/J third place | F15: ='Knockout Data'!F14 -> Switzerland | G15: ='Knockout Data'!G14 -> Sweden | J15: ='Knockout Data'!J14 | K15: ='Knockout Data'!K14 -> BC Place Vancouver | L15: ='Knockout Data'!L14 -> 0
... A18: ='Knockout Data'!A17 -> 88 | B18: ='Knockout Data'!B17 -> 46206 | C18: ='Knockout Data'!C17 -> Round of 32 | D18: ='Knockout Data'!D17 -> Group D runners-up | E18: ='Knockout Data'!E17 -> Group G runners-up | F18: ='Knockout Data'!F17 -> Australia | G18: ='Knockout Data'!G17 -> Egypt | J18: ='Knockout Data'!J17 | K18: ='Knockout Data'!K17 -> Dallas Stadium | L18: ='Knockout Data'!L17 -> 0
A20: Round of 16
A21: Match # | B21: Date | C21: Stage | D21: Team 1 Source | E21: Team 2 Source | F21: Team 1 | G21: Team 2 | H21: Team 1 Goals | I21: Team 2 Goals | J21: Winner | K21: Venue | L21: Notes
A22: ='Knockout Data'!A18 -> 89 | B22: ='Knockout Data'!B18 -> 46207 | C22: ='Knockout Data'!C18 -> Round of 16 | D22: ='Knockout Data'!D18 -> Winner match 74 | E22: ='Knockout Data'!E18 -> Winner match 77 | F22: ='Knockout Data'!F18 | G22: ='Knockout Data'!G18 | J22: ='Knockout Data'!J18 | K22: ='Knockout Data'!K18 -> Philadelphia Stadium | L22: ='Knockout Data'!L18 -> 0
A23: ='Knockout Data'!A19 -> 90 | B23: ='Knockout Data'!B19 -> 46207 | C23: ='Knockout Data'!C19 -> Round of 16 | D23: ='Knockout Data'!D19 -> Winner match 73 | E23: ='Knockout Data'!E19 -> Winner match 75 | F23: ='Knockout Data'!F19 -> Canada | G23: ='Knockout Data'!G19 | J23: ='Knockout Data'!J19 | K23: ='Knockout Data'!K19 -> Houston Stadium | L23: ='Knockout Data'!L19 -> 0
A24: ='Knockout Data'!A20 -> 91 | B24: ='Knockout Data'!B20 -> 46208 | C24: ='Knockout Data'!C20 -> Round of 16 | D24: ='Knockout Data'!D20 -> Winner match 76 | E24: ='Knockout Data'!E20 -> Winner match 78 | F24: ='Knockout Data'!F20 | G24: ='Knockout Data'!G20 | J24: ='Knockout Data'!J20 | K24: ='Knockout Data'!K20 -> New York New Jersey Stadium | L24: ='Knockout Data'!L20 -> 0
A25: ='Knockout Data'!A21 -> 92 | B25: ='Knockout Data'!B21 -> 46208 | C25: ='Knockout Data'!C21 -> Round of 16 | D25: ='Knockout Data'!D21 -> Winner match 79 | E25: ='Knockout Data'!E21 -> Winner match 80 | F25: ='Knockout Data'!F21 | G25: ='Knockout Data'!G21 | J25: ='Knockout Data'!J21 | K25: ='Knockout Data'!K21 -> Mexico City Stadium | L25: ='Knockout Data'!L21 -> 0
A26: ='Knockout Data'!A22 -> 93 | B26: ='Knockout Data'!B22 -> 46209 | C26: ='Knockout Data'!C22 -> Round of 16 | D26: ='Knockout Data'!D22 -> Winner match 83 | E26: ='Knockout Data'!E22 -> Winner match 84 | F26: ='Knockout Data'!F22 | G26: ='Knockout Data'!G22 | J26: ='Knockout Data'!J22 | K26: ='Knockout Data'!K22 -> Dallas Stadium | L26: ='Knockout Data'!L22 -> 0
A27: ='Knockout Data'!A23 -> 94 | B27: ='Knockout Data'!B23 -> 46209 | C27: ='Knockout Data'!C23 -> Round of 16 | D27: ='Knockout Data'!D23 -> Winner match 81 | E27: ='Knockout Data'!E23 -> Winner match 82 | F27: ='Knockout Data'!F23 | G27: ='Knockout Data'!G23 | J27: ='Knockout Data'!J23 | K27: ='Knockout Data'!K23 -> Seattle Stadium | L27: ='Knockout Data'!L23 -> 0
A28: ='Knockout Data'!A24 -> 95 | B28: ='Knockout Data'!B24 -> 46210 | C28: ='Knockout Data'!C24 -> Round of 16 | D28: ='Knockout Data'!D24 -> Winner match 86 | E28: ='Knockout Data'!E24 -> Winner match 88 | F28: ='Knockout Data'!F24 | G28: ='Knockout Data'!G24 | J28: ='Knockout Data'!J24 | K28: ='Knockout Data'!K24 -> Atlanta Stadium | L28: ='Knockout Data'!L24 -> 0
A29: ='Knockout Data'!A25 -> 96 | B29: ='Knockout Data'!B25 -> 46210 | C29: ='Knockout Data'!C25 -> Round of 16 | D29: ='Knockout Data'!D25 -> Winner match 85 | E29: ='Knockout Data'!E25 -> Winner match 87 | F29: ='Knockout Data'!F25 | G29: ='Knockout Data'!G25 | J29: ='Knockout Data'!J25 | K29: ='Knockout Data'!K25 -> BC Place Vancouver | L29: ='Knockout Data'!L25 -> 0
A31: Quarter-final
A32: Match # | B32: Date | C32: Stage | D32: Team 1 Source | E32: Team 2 Source | F32: Team 1 | G32: Team 2 | H32: Team 1 Goals | I32: Team 2 Goals | J32: Winner | K32: Venue | L32: Notes
A33: ='Knockout Data'!A26 -> 97 | B33: ='Knockout Data'!B26 -> 46212 | C33: ='Knockout Data'!C26 -> Quarter-final | D33: ='Knockout Data'!D26 -> Winner match 89 | E33: ='Knockout Data'!E26 -> Winner match 90 | F33: ='Knockout Data'!F26 | G33: ='Knockout Data'!G26 | J33: ='Knockout Data'!J26 | K33: ='Knockout Data'!K26 -> Boston Stadium | L33: ='Knockout Data'!L26 -> 0
A34: ='Knockout Data'!A27 -> 98 | B34: ='Knockout Data'!B27 -> 46213 | C34: ='Knockout Data'!C27 -> Quarter-final | D34: ='Knockout Data'!D27 -> Winner match 93 | E34: ='Knockout Data'!E27 -> Winner match 94 | F34: ='Knockout Data'!F27 | G34: ='Knockout Data'!G27 | J34: ='Knockout Data'!J27 | K34: ='Knockout Data'!K27 -> Los Angeles Stadium | L34: ='Knockout Data'!L27 -> 0
A35: ='Knockout Data'!A28 -> 99 | B35: ='Knockout Data'!B28 -> 46214 | C35: ='Knockout Data'!C28 -> Quarter-final | D35: ='Knockout Data'!D28 -> Winner match 91 | E35: ='Knockout Data'!E28 -> Winner match 92 | F35: ='Knockout Data'!F28 | G35: ='Knockout Data'!G28 | J35: ='Knockout Data'!J28 | K35: ='Knockout Data'!K28 -> Miami Stadium | L35: ='Knockout Data'!L28 -> 0
A36: ='Knockout Data'!A29 -> 100 | B36: ='Knockout Data'!B29 -> 46214 | C36: ='Knockout Data'!C29 -> Quarter-final | D36: ='Knockout Data'!D29 -> Winner match 95 | E36: ='Knockout Data'!E29 -> Winner match 96 | F36: ='Knockout Data'!F29 | G36: ='Knockout Data'!G29 | J36: ='Knockout Data'!J29 | K36: ='Knockout Data'!K29 -> Kansas City Stadium | L36: ='Knockout Data'!L29 -> 0
A38: Semi-final
A39: Match # | B39: Date | C39: Stage | D39: Team 1 Source | E39: Team 2 Source | F39: Team 1 | G39: Team 2 | H39: Team 1 Goals | I39: Team 2 Goals | J39: Winner | K39: Venue | L39: Notes
A40: ='Knockout Data'!A30 -> 101 | B40: ='Knockout Data'!B30 -> 46217 | C40: ='Knockout Data'!C30 -> Semi-final | D40: ='Knockout Data'!D30 -> Winner match 97 | E40: ='Knockout Data'!E30 -> Winner match 98 | F40: ='Knockout Data'!F30 | G40: ='Knockout Data'!G30 | J40: ='Knockout Data'!J30 | K40: ='Knockout Data'!K30 -> Dallas Stadium | L40: ='Knockout Data'!L30 -> 0
A41: ='Knockout Data'!A31 -> 102 | B41: ='Knockout Data'!B31 -> 46218 | C41: ='Knockout Data'!C31 -> Semi-final | D41: ='Knockout Data'!D31 -> Winner match 99 | E41: ='Knockout Data'!E31 -> Winner match 100 | F41: ='Knockout Data'!F31 | G41: ='Knockout Data'!G31 | J41: ='Knockout Data'!J31 | K41: ='Knockout Data'!K31 -> Atlanta Stadium | L41: ='Knockout Data'!L31 -> 0
A43: Bronze final
A44: Match # | B44: Date | C44: Stage | D44: Team 1 Source | E44: Team 2 Source | F44: Team 1 | G44: Team 2 | H44: Team 1 Goals | I44: Team 2 Goals | J44: Winner | K44: Venue | L44: Notes
A45: ='Knockout Data'!A32 -> 103 | B45: ='Knockout Data'!B32 -> 46221 | C45: ='Knockout Data'!C32 -> Bronze final | D45: ='Knockout Data'!D32 -> Runner-up match 101 | E45: ='Knockout Data'!E32 -> Runner-up match 102 | F45: ='Knockout Data'!F32 | G45: ='Knockout Data'!G32 | J45: ='Knockout Data'!J32 | K45: ='Knockout Data'!K32 -> Miami Stadium | L45: ='Knockout Data'!L32 -> Enter losing semi-finalists manually after matches 101 and 102.
A47: Final
A48: Match # | B48: Date | C48: Stage | D48: Team 1 Source | E48: Team 2 Source | F48: Team 1 | G48: Team 2 | H48: Team 1 Goals | I48: Team 2 Goals | J48: Winner | K48: Venue | L48: Notes
A49: ='Knockout Data'!A33 -> 104 | B49: ='Knockout Data'!B33 -> 46222 | C49: ='Knockout Data'!C33 -> Final | D49: ='Knockout Data'!D33 -> Winner match 101 | E49: ='Knockout Data'!E33 -> Winner match 102 | F49: ='Knockout Data'!F33 | G49: ='Knockout Data'!G33 | J49: ='Knockout Data'!J33 | K49: ='Knockout Data'!K33 -> New York New Jersey Stadium | L49: ='Knockout Data'!L33 -> 0

Sheet Knockout Data
A1: Match # | B1: Date | C1: Stage | D1: Team 1 Source | E1: Team 2 Source | F1: Team 1 | G1: Team 2 | H1: Team 1 Goals | I1: Team 2 Goals | J1: Winner | K1: Venue | L1: Notes
A2: 73 | B2: 46201 | C2: Round of 32 | D2: Group A runners-up | E2: Group B runners-up | F2: {=IFERROR(INDEX(_xlfn._xlws.FILTER('Standings Data'!$B$2:$B$49,('Standings Data'!$A$2:$A$49="A")*('Standings Data'!$K$2:$K$49=2)),1),"")} -> South Africa | G2: {=IFERROR(INDEX(_xlfn._xlws.FILTER('Standings Data'!$B$2:$B$49,('Standings Data'!$A$2:$A$49="B")*('Standings Data'!$K$2:$K$49=2)),1),"")} -> Canada | H2: =IF(Knockout!$H$3="","",Knockout!$H$3) -> 0 | I2: =IF(Knockout!$I$3="","",Knockout!$I$3) -> 1 | J2: =IF(OR(H2="",I2=""),"",IF(H2>I2,F2,IF(I2>H2,G2,"TBD - penalties"))) -> Canada | K2: Los Angeles Stadium
A3: 74 | B3: 46202 | C3: Round of 32 | D3: Group E winners | E3: Group A/B/C/D/F third place | F3: {=IFERROR(INDEX(_xlfn._xlws.FILTER('Standings Data'!$B$2:$B$49,('Standings Data'!$A$2:$A$49="E")*('Standings Data'!$K$2:$K$49=1)),1),"")} -> Germany | G3: {=_xlfn.LET(_xlpm.teams,'Standings Data'!$P$2:$P$13,_xlpm.grps,'Standings Data'!$Q$2:$Q$13,_xlpm.stat,'Standings Data'!$U$2:$U$13,_xlpm.priority,{"B","A","C","D","F"},_xlpm.ok,ISNUMBER(_xlfn.XMATCH(_xlpm.grps,_xlpm.priority))*(_xlpm.stat="Likely advances")*(COUNTIF($F$2:$G$2,_xlpm.teams)=0),IFERROR(INDEX(_xlfn.SORTBY(_xlfn._xlws.FILTER(_xlpm.teams,_xlpm.ok),_xlfn.XMATCH(_xlfn._xlws.FILTER(_xlpm.grps,_xlpm.ok),_xlpm.priority),1),1),""))} -> Bosnia and Herzegovina | H3: =IF(Knockout!$H$4="","",Knockout!$H$4) | I3: =IF(Knockout!$I$4="","",Knockout!$I$4) | J3: =IF(OR(H3="",I3=""),"",IF(H3>I3,F3,IF(I3>H3,G3,"TBD - penalties"))) | K3: Boston Stadium
A4: 75 | B4: 46202 | C4: Round of 32 | D4: Group F winners | E4: Group C runners-up | F4: {=IFERROR(INDEX(_xlfn._xlws.FILTER('Standings Data'!$B$2:$B$49,('Standings Data'!$A$2:$A$49="F")*('Standings Data'!$K$2:$K$49=1)),1),"")} -> Netherlands | G4: {=IFERROR(INDEX(_xlfn._xlws.FILTER('Standings Data'!$B$2:$B$49,('Standings Data'!$A$2:$A$49="C")*('Standings Data'!$K$2:$K$49=2)),1),"")} -> Morocco | H4: =IF(Knockout!$H$5="","",Knockout!$H$5) | I4: =IF(Knockout!$I$5="","",Knockout!$I$5) | J4: =IF(OR(H4="",I4=""),"",IF(H4>I4,F4,IF(I4>H4,G4,"TBD - penalties"))) | K4: Estadio Monterrey
A5: 76 | B5: 46202 | C5: Round of 32 | D5: Group C winners | E5: Group F runners-up | F5: {=IFERROR(INDEX(_xlfn._xlws.FILTER('Standings Data'!$B$2:$B$49,('Standings Data'!$A$2:$A$49="C")*('Standings Data'!$K$2:$K$49=1)),1),"")} -> Brazil | G5: {=IFERROR(INDEX(_xlfn._xlws.FILTER('Standings Data'!$B$2:$B$49,('Standings Data'!$A$2:$A$49="F")*('Standings Data'!$K$2:$K$49=2)),1),"")} -> Japan | H5: =IF(Knockout!$H$6="","",Knockout!$H$6) | I5: =IF(Knockout!$I$6="","",Knockout!$I$6) | J5: =IF(OR(H5="",I5=""),"",IF(H5>I5,F5,IF(I5>H5,G5,"TBD - penalties"))) | K5: Houston Stadium
A6: 77 | B6: 46203 | C6: Round of 32 | D6: Group I winners | E6: Group C/D/F/G/H third place | F6: {=IFERROR(INDEX(_xlfn._xlws.FILTER('Standings Data'!$B$2:$B$49,('Standings Data'!$A$2:$A$49="I")*('Standings Data'!$K$2:$K$49=1)),1),"")} -> France | G6: {=_xlfn.LET(_xlpm.teams,'Standings Data'!$P$2:$P$13,_xlpm.grps,'Standings Data'!$Q$2:$Q$13,_xlpm.stat,'Standings Data'!$U$2:$U$13,_xlpm.priority,{"D","C","F","G","H"},_xlpm.ok,ISNUMBER(_xlfn.XMATCH(_xlpm.grps,_xlpm.priority))*(_xlpm.stat="Likely advances")*(COUNTIF($F$2:$G$5,_xlpm.teams)=0),IFERROR(INDEX(_xlfn.SORTBY(_xlfn._xlws.FILTER(_xlpm.teams,_xlpm.ok),_xlfn.XMATCH(_xlfn._xlws.FILTER(_xlpm.grps,_xlpm.ok),_xlpm.priority),1),1),""))} -> Paraguay | H6: =IF(Knockout!$H$7="","",Knockout!$H$7) | I6: =IF(Knockout!$I$7="","",Knockout!$I$7) | J6: =IF(OR(H6="",I6=""),"",IF(H6>I6,F6,IF(I6>H6,G6,"TBD - penalties"))) | K6: New York New Jersey Stadium
A7: 78 | B7: 46203 | C7: Round of 32 | D7: Group E runners-up | E7: Group I runners-up | F7: {=IFERROR(INDEX(_xlfn._xlws.FILTER('Standings Data'!$B$2:$B$49,('Standings Data'!$A$2:$A$49="E")*('Standings Data'!$K$2:$K$49=2)),1),"")} -> Côte d'Ivoire | G7: {=IFERROR(INDEX(_xlfn._xlws.FILTER('Standings Data'!$B$2:$B$49,('Standings Data'!$A$2:$A$49="I")*('Standings Data'!$K$2:$K$49=2)),1),"")} -> Norway | H7: =IF(Knockout!$H$8="","",Knockout!$H$8) | I7: =IF(Knockout!$I$8="","",Knockout!$I$8) | J7: =IF(OR(H7="",I7=""),"",IF(H7>I7,F7,IF(I7>H7,G7,"TBD - penalties"))) | K7: Dallas Stadium
A8: 79 | B8: 46203 | C8: Round of 32 | D8: Group A winners | E8: Group C/E/F/H/I third place | F8: {=IFERROR(INDEX(_xlfn._xlws.FILTER('Standings Data'!$B$2:$B$49,('Standings Data'!$A$2:$A$49="A")*('Standings Data'!$K$2:$K$49=1)),1),"")} -> Mexico | G8: {=_xlfn.LET(_xlpm.teams,'Standings Data'!$P$2:$P$13,_xlpm.grps,'Standings Data'!$Q$2:$Q$13,_xlpm.stat,'Standings Data'!$U$2:$U$13,_xlpm.priority,{"C","E","F","H","I"},_xlpm.ok,ISNUMBER(_xlfn.XMATCH(_xlpm.grps,_xlpm.priority))*(_xlpm.stat="Likely advances")*(COUNTIF($F$2:$G$7,_xlpm.teams)=0),IFERROR(INDEX(_xlfn.SORTBY(_xlfn._xlws.FILTER(_xlpm.teams,_xlpm.ok),_xlfn.XMATCH(_xlfn._xlws.FILTER(_xlpm.grps,_xlpm.ok),_xlpm.priority),1),1),""))} -> Scotland | H8: =IF(Knockout!$H$9="","",Knockout!$H$9) | I8: =IF(Knockout!$I$9="","",Knockout!$I$9) | J8: =IF(OR(H8="",I8=""),"",IF(H8>I8,F8,IF(I8>H8,G8,"TBD - penalties"))) | K8: Mexico City Stadium
A9: 80 | B9: 46204 | C9: Round of 32 | D9: Group L winners | E9: Group E/H/I/J/K third place | F9: {=IFERROR(INDEX(_xlfn._xlws.FILTER('Standings Data'!$B$2:$B$49,('Standings Data'!$A$2:$A$49="L")*('Standings Data'!$K$2:$K$49=1)),1),"")} -> England | G9: {=_xlfn.LET(_xlpm.teams,'Standings Data'!$P$2:$P$13,_xlpm.grps,'Standings Data'!$Q$2:$Q$13,_xlpm.stat,'Standings Data'!$U$2:$U$13,_xlpm.priority,{"J","E","H","I","K"},_xlpm.ok,ISNUMBER(_xlfn.XMATCH(_xlpm.grps,_xlpm.priority))*(_xlpm.stat="Likely advances")*(COUNTIF($F$2:$G$8,_xlpm.teams)=0),IFERROR(INDEX(_xlfn.SORTBY(_xlfn._xlws.FILTER(_xlpm.teams,_xlpm.ok),_xlfn.XMATCH(_xlfn._xlws.FILTER(_xlpm.grps,_xlpm.ok),_xlpm.priority),1),1),""))} -> Algeria | H9: =IF(Knockout!$H$10="","",Knockout!$H$10) | I9: =IF(Knockout!$I$10="","",Knockout!$I$10) | J9: =IF(OR(H9="",I9=""),"",IF(H9>I9,F9,IF(I9>H9,G9,"TBD - penalties"))) | K9: Atlanta Stadium
A10: 81 | B10: 46204 | C10: Round of 32 | D10: Group D winners | E10: Group B/E/F/I/J third place | F10: {=IFERROR(INDEX(_xlfn._xlws.FILTER('Standings Data'!$B$2:$B$49,('Standings Data'!$A$2:$A$49="D")*('Standings Data'!$K$2:$K$49=1)),1),"")} -> USA | G10: {=_xlfn.LET(_xlpm.teams,'Standings Data'!$P$2:$P$13,_xlpm.grps,'Standings Data'!$Q$2:$Q$13,_xlpm.stat,'Standings Data'!$U$2:$U$13,_xlpm.priority,{"E","B","F","I","J"},_xlpm.ok,ISNUMBER(_xlfn.XMATCH(_xlpm.grps,_xlpm.priority))*(_xlpm.stat="Likely advances")*(COUNTIF($F$2:$G$9,_xlpm.teams)=0),IFERROR(INDEX(_xlfn.SORTBY(_xlfn._xlws.FILTER(_xlpm.teams,_xlpm.ok),_xlfn.XMATCH(_xlfn._xlws.FILTER(_xlpm.grps,_xlpm.ok),_xlpm.priority),1),1),""))} -> Ecuador | H10: =IF(Knockout!$H$11="","",Knockout!$H$11) | I10: =IF(Knockout!$I$11="","",Knockout!$I$11) | J10: =IF(OR(H10="",I10=""),"",IF(H10>I10,F10,IF(I10>H10,G10,"TBD - penalties"))) | K10: San Francisco Bay Area Stadium
A11: 82 | B11: 46204 | C11: Round of 32 | D11: Group G winners | E11: Group A/E/H/I/J third place | F11: {=IFERROR(INDEX(_xlfn._xlws.FILTER('Standings Data'!$B$2:$B$49,('Standings Data'!$A$2:$A$49="G")*('Standings Data'!$K$2:$K$49=1)),1),"")} -> Belgium | G11: {=_xlfn.LET(_xlpm.teams,'Standings Data'!$P$2:$P$13,_xlpm.grps,'Standings Data'!$Q$2:$Q$13,_xlpm.stat,'Standings Data'!$U$2:$U$13,_xlpm.priority,{"A","E","H","I","J"},_xlpm.ok,ISNUMBER(_xlfn.XMATCH(_xlpm.grps,_xlpm.priority))*(_xlpm.stat="Likely advances")*(COUNTIF($F$2:$G$10,_xlpm.teams)=0),IFERROR(INDEX(_xlfn.SORTBY(_xlfn._xlws.FILTER(_xlpm.teams,_xlpm.ok),_xlfn.XMATCH(_xlfn._xlws.FILTER(_xlpm.grps,_xlpm.ok),_xlpm.priority),1),1),""))} -> Korea Republic | H11: =IF(Knockout!$H$12="","",Knockout!$H$12) | I11: =IF(Knockout!$I$12="","",Knockout!$I$12) | J11: =IF(OR(H11="",I11=""),"",IF(H11>I11,F11,IF(I11>H11,G11,"TBD - penalties"))) | K11: Seattle Stadium
A12: 83 | B12: 46205 | C12: Round of 32 | D12: Group K runners-up | E12: Group L runners-up | F12: {=IFERROR(INDEX(_xlfn._xlws.FILTER('Standings Data'!$B$2:$B$49,('Standings Data'!$A$2:$A$49="K")*('Standings Data'!$K$2:$K$49=2)),1),"")} -> Portugal | G12: {=IFERROR(INDEX(_xlfn._xlws.FILTER('Standings Data'!$B$2:$B$49,('Standings Data'!$A$2:$A$49="L")*('Standings Data'!$K$2:$K$49=2)),1),"")} -> Croatia | H12: =IF(Knockout!$H$13="","",Knockout!$H$13) | I12: =IF(Knockout!$I$13="","",Knockout!$I$13) | J12: =IF(OR(H12="",I12=""),"",IF(H12>I12,F12,IF(I12>H12,G12,"TBD - penalties"))) | K12: Toronto Stadium
A13: 84 | B13: 46205 | C13: Round of 32 | D13: Group H winners | E13: Group J runners-up | F13: {=IFERROR(INDEX(_xlfn._xlws.FILTER('Standings Data'!$B$2:$B$49,('Standings Data'!$A$2:$A$49="H")*('Standings Data'!$K$2:$K$49=1)),1),"")} -> Spain | G13: {=IFERROR(INDEX(_xlfn._xlws.FILTER('Standings Data'!$B$2:$B$49,('Standings Data'!$A$2:$A$49="J")*('Standings Data'!$K$2:$K$49=2)),1),"")} -> Austria | H13: =IF(Knockout!$H$14="","",Knockout!$H$14) | I13: =IF(Knockout!$I$14="","",Knockout!$I$14) | J13: =IF(OR(H13="",I13=""),"",IF(H13>I13,F13,IF(I13>H13,G13,"TBD - penalties"))) | K13: Los Angeles Stadium
A14: 85 | B14: 46205 | C14: Round of 32 | D14: Group B winners | E14: Group E/F/G/I/J third place | F14: {=IFERROR(INDEX(_xlfn._xlws.FILTER('Standings Data'!$B$2:$B$49,('Standings Data'!$A$2:$A$49="B")*('Standings Data'!$K$2:$K$49=1)),1),"")} -> Switzerland | G14: {=_xlfn.LET(_xlpm.teams,'Standings Data'!$P$2:$P$13,_xlpm.grps,'Standings Data'!$Q$2:$Q$13,_xlpm.stat,'Standings Data'!$U$2:$U$13,_xlpm.priority,{"F","E","G","I","J"},_xlpm.ok,ISNUMBER(_xlfn.XMATCH(_xlpm.grps,_xlpm.priority))*(_xlpm.stat="Likely advances")*(COUNTIF($F$2:$G$13,_xlpm.teams)=0),IFERROR(INDEX(_xlfn.SORTBY(_xlfn._xlws.FILTER(_xlpm.teams,_xlpm.ok),_xlfn.XMATCH(_xlfn._xlws.FILTER(_xlpm.grps,_xlpm.ok),_xlpm.priority),1),1),""))} -> Sweden | H14: =IF(Knockout!$H$15="","",Knockout!$H$15) | I14: =IF(Knockout!$I$15="","",Knockout!$I$15) | J14: =IF(OR(H14="",I14=""),"",IF(H14>I14,F14,IF(I14>H14,G14,"TBD - penalties"))) | K14: BC Place Vancouver
A15: 86 | B15: 46206 | C15: Round of 32 | D15: Group J winners | E15: Group H runners-up | F15: {=IFERROR(INDEX(_xlfn._xlws.FILTER('Standings Data'!$B$2:$B$49,('Standings Data'!$A$2:$A$49="J")*('Standings Data'!$K$2:$K$49=1)),1),"")} -> Argentina | G15: {=IFERROR(INDEX(_xlfn._xlws.FILTER('Standings Data'!$B$2:$B$49,('Standings Data'!$A$2:$A$49="H")*('Standings Data'!$K$2:$K$49=2)),1),"")} -> Cabo Verde | H15: =IF(Knockout!$H$16="","",Knockout!$H$16) | I15: =IF(Knockout!$I$16="","",Knockout!$I$16) | J15: =IF(OR(H15="",I15=""),"",IF(H15>I15,F15,IF(I15>H15,G15,"TBD - penalties"))) | K15: Miami Stadium
